Country Name,Country Code,Time,Time Code,People using safely managed drinking water services (% of population) [SH.H2O.SMDW.ZS]
Afghanistan,AFG,2000,YR2000,11.0933263091436
Afghanistan,AFG,2001,YR2001,11.1052211474061
Afghanistan,AFG,2002,YR2002,12.0077331734354
Afghanistan,AFG,2003,YR2003,12.9099215252666
Afghanistan,AFG,2004,YR2004,13.8186837545214
Afghanistan,AFG,2005,YR2005,14.733852939883
Afghanistan,AFG,2006,YR2006,15.6484265825764
Afghanistan,AFG,2007,YR2007,16.5625231156134
Afghanistan,AFG,2008,YR2008,17.4760103900168
Afghanistan,AFG,2009,YR2009,18.3888843398134
Afghanistan,AFG,2010,YR2010,19.301139222627
Afghanistan,AFG,2011,YR2011,20.2128842346224
Afghanistan,AFG,2012,YR2012,21.1239963442836
Afghanistan,AFG,2013,YR2013,22.0344697184414
Afghanistan,AFG,2014,YR2014,22.9443007139289
Afghanistan,AFG,2015,YR2015,23.8535895499243
Afghanistan,AFG,2016,YR2016,24.7622201760444
Afghanistan,AFG,2017,YR2017,25.6714172375918
Afghanistan,AFG,2018,YR2018,26.5813145377719
Afghanistan,AFG,2019,YR2019,27.4917341128464
Afghanistan,AFG,2020,YR2020,28.4025051496417
Afghanistan,AFG,2021,YR2021,29.3138430014086
Afghanistan,AFG,2022,YR2022,30.0340981310563
Afghanistan,AFG,2023,YR2023,..
Afghanistan,AFG,2024,YR2024,..
Albania,ALB,2000,YR2000,49.1383205634209
Albania,ALB,2001,YR2001,49.0811977467469
Albania,ALB,2002,YR2002,48.984765568043
Albania,ALB,2003,YR2003,48.8854457544253
Albania,ALB,2004,YR2004,50.7176777876065
Albania,ALB,2005,YR2005,52.5783324245073
Albania,ALB,2006,YR2006,54.4670824974091
Albania,ALB,2007,YR2007,56.3838433244244
Albania,ALB,2008,YR2008,58.3284789243762
Albania,ALB,2009,YR2009,60.3009052009062
Albania,ALB,2010,YR2010,62.3006301902166
Albania,ALB,2011,YR2011,64.3274026075619
Albania,ALB,2012,YR2012,66.3808520347694
Albania,ALB,2013,YR2013,68.459832807363
Albania,ALB,2014,YR2014,70.5632610188294
Albania,ALB,2015,YR2015,70.5919698860001
Albania,ALB,2016,YR2016,70.6165078550165
Albania,ALB,2017,YR2017,70.6369415898919
Albania,ALB,2018,YR2018,70.65335162337
Albania,ALB,2019,YR2019,70.6658550054076
Albania,ALB,2020,YR2020,70.6745374149515
Albania,ALB,2021,YR2021,70.7057950614818
Albania,ALB,2022,YR2022,70.7360679461577
Albania,ALB,2023,YR2023,..
Albania,ALB,2024,YR2024,..
Algeria,DZA,2000,YR2000,70.078517334717
Algeria,DZA,2001,YR2001,70.6421850278993
Algeria,DZA,2002,YR2002,71.1918583653421
Algeria,DZA,2003,YR2003,71.7269643155818
Algeria,DZA,2004,YR2004,72.2475517663549
Algeria,DZA,2005,YR2005,72.7531510539839
Algeria,DZA,2006,YR2006,73.2443466074211
Algeria,DZA,2007,YR2007,73.7207212607151
Algeria,DZA,2008,YR2008,74.1828238425326
Algeria,DZA,2009,YR2009,74.6276877244098
Algeria,DZA,2010,YR2010,75.056807812812
Algeria,DZA,2011,YR2011,75.469916980438
Algeria,DZA,2012,YR2012,75.867622968565
Algeria,DZA,2013,YR2013,76.2501426819848
Algeria,DZA,2014,YR2014,76.6182319353339
Algeria,DZA,2015,YR2015,76.9719606352109
Algeria,DZA,2016,YR2016,76.3948592626
Algeria,DZA,2017,YR2017,75.7305417878483
Algeria,DZA,2018,YR2018,75.036130399841
Algeria,DZA,2019,YR2019,73.9538774939834
Algeria,DZA,2020,YR2020,72.2481473302903
Algeria,DZA,2021,YR2021,70.5470307769978
Algeria,DZA,2022,YR2022,70.5979339572563
Algeria,DZA,2023,YR2023,..
Algeria,DZA,2024,YR2024,..
American Samoa,ASM,2000,YR2000,80.5751923051814
American Samoa,ASM,2001,YR2001,81.6167128690211
American Samoa,ASM,2002,YR2002,82.6626371991011
American Samoa,ASM,2003,YR2003,83.7129652954212
American Samoa,ASM,2004,YR2004,84.7676971579816
American Samoa,ASM,2005,YR2005,85.8268327867824
American Samoa,ASM,2006,YR2006,86.8903721818232
American Samoa,ASM,2007,YR2007,87.5578229012245
American Samoa,ASM,2008,YR2008,87.7874953020427
American Samoa,ASM,2009,YR2009,88.0171677028609
American Samoa,ASM,2010,YR2010,88.2468401036791
American Samoa,ASM,2011,YR2011,88.4765125044974
American Samoa,ASM,2012,YR2012,88.7061849053156
American Samoa,ASM,2013,YR2013,88.9358573061338
American Samoa,ASM,2014,YR2014,89.165529706952
American Samoa,ASM,2015,YR2015,89.3952021077702
American Samoa,ASM,2016,YR2016,89.6248745085884
American Samoa,ASM,2017,YR2017,89.8545469094066
American Samoa,ASM,2018,YR2018,89.8545469094066
American Samoa,ASM,2019,YR2019,89.8545469094066
American Samoa,ASM,2020,YR2020,89.8545469094066
American Samoa,ASM,2021,YR2021,89.8545469094066
American Samoa,ASM,2022,YR2022,..
American Samoa,ASM,2023,YR2023,..
American Samoa,ASM,2024,YR2024,..
Andorra,AND,2000,YR2000,90.6399995135019
Andorra,AND,2001,YR2001,90.6400015039874
Andorra,AND,2002,YR2002,90.6400011907925
Andorra,AND,2003,YR2003,90.6400000795323
Andorra,AND,2004,YR2004,90.6400012269587
Andorra,AND,2005,YR2005,90.639998076826
Andorra,AND,2006,YR2006,90.6400039911945
Andorra,AND,2007,YR2007,90.6400035740641
Andorra,AND,2008,YR2008,90.6400037733778
Andorra,AND,2009,YR2009,90.6400038016641
Andorra,AND,2010,YR2010,90.6399982547175
Andorra,AND,2011,YR2011,90.6400011122545
Andorra,AND,2012,YR2012,90.6399981887222
Andorra,AND,2013,YR2013,90.6400019476396
Andorra,AND,2014,YR2014,90.6400003669046
Andorra,AND,2015,YR2015,90.6400015710857
Andorra,AND,2016,YR2016,90.6399963774364
Andorra,AND,2017,YR2017,90.6400033809841
Andorra,AND,2018,YR2018,90.6399959806121
Andorra,AND,2019,YR2019,90.6399970923255
Andorra,AND,2020,YR2020,90.6399986650032
Andorra,AND,2021,YR2021,90.640001548707
Andorra,AND,2022,YR2022,90.640001490064
Andorra,AND,2023,YR2023,..
Andorra,AND,2024,YR2024,..
Angola,AGO,2000,YR2000,..
Angola,AGO,2001,YR2001,..
Angola,AGO,2002,YR2002,..
Angola,AGO,2003,YR2003,..
Angola,AGO,2004,YR2004,..
Angola,AGO,2005,YR2005,..
Angola,AGO,2006,YR2006,..
Angola,AGO,2007,YR2007,..
Angola,AGO,2008,YR2008,..
Angola,AGO,2009,YR2009,..
Angola,AGO,2010,YR2010,..
Angola,AGO,2011,YR2011,..
Angola,AGO,2012,YR2012,..
Angola,AGO,2013,YR2013,..
Angola,AGO,2014,YR2014,..
Angola,AGO,2015,YR2015,..
Angola,AGO,2016,YR2016,..
Angola,AGO,2017,YR2017,..
Angola,AGO,2018,YR2018,..
Angola,AGO,2019,YR2019,..
Angola,AGO,2020,YR2020,..
Angola,AGO,2021,YR2021,..
Angola,AGO,2022,YR2022,..
Angola,AGO,2023,YR2023,..
Angola,AGO,2024,YR2024,..
Antigua and Barbuda,ATG,2000,YR2000,..
Antigua and Barbuda,ATG,2001,YR2001,..
Antigua and Barbuda,ATG,2002,YR2002,..
Antigua and Barbuda,ATG,2003,YR2003,..
Antigua and Barbuda,ATG,2004,YR2004,..
Antigua and Barbuda,ATG,2005,YR2005,..
Antigua and Barbuda,ATG,2006,YR2006,..
Antigua and Barbuda,ATG,2007,YR2007,..
Antigua and Barbuda,ATG,2008,YR2008,..
Antigua and Barbuda,ATG,2009,YR2009,..
Antigua and Barbuda,ATG,2010,YR2010,..
Antigua and Barbuda,ATG,2011,YR2011,..
Antigua and Barbuda,ATG,2012,YR2012,..
Antigua and Barbuda,ATG,2013,YR2013,..
Antigua and Barbuda,ATG,2014,YR2014,..
Antigua and Barbuda,ATG,2015,YR2015,..
Antigua and Barbuda,ATG,2016,YR2016,..
Antigua and Barbuda,ATG,2017,YR2017,..
Antigua and Barbuda,ATG,2018,YR2018,..
Antigua and Barbuda,ATG,2019,YR2019,..
Antigua and Barbuda,ATG,2020,YR2020,..
Antigua and Barbuda,ATG,2021,YR2021,..
Antigua and Barbuda,ATG,2022,YR2022,..
Antigua and Barbuda,ATG,2023,YR2023,..
Antigua and Barbuda,ATG,2024,YR2024,..
Argentina,ARG,2000,YR2000,..
Argentina,ARG,2001,YR2001,..
Argentina,ARG,2002,YR2002,..
Argentina,ARG,2003,YR2003,..
Argentina,ARG,2004,YR2004,..
Argentina,ARG,2005,YR2005,..
Argentina,ARG,2006,YR2006,..
Argentina,ARG,2007,YR2007,..
Argentina,ARG,2008,YR2008,..
Argentina,ARG,2009,YR2009,..
Argentina,ARG,2010,YR2010,..
Argentina,ARG,2011,YR2011,..
Argentina,ARG,2012,YR2012,..
Argentina,ARG,2013,YR2013,..
Argentina,ARG,2014,YR2014,..
Argentina,ARG,2015,YR2015,..
Argentina,ARG,2016,YR2016,..
Argentina,ARG,2017,YR2017,..
Argentina,ARG,2018,YR2018,..
Argentina,ARG,2019,YR2019,..
Argentina,ARG,2020,YR2020,..
Argentina,ARG,2021,YR2021,..
Argentina,ARG,2022,YR2022,..
Argentina,ARG,2023,YR2023,..
Argentina,ARG,2024,YR2024,..
Armenia,ARM,2000,YR2000,82.3507193495398
Armenia,ARM,2001,YR2001,82.4586186922954
Armenia,ARM,2002,YR2002,82.5738249153644
Armenia,ARM,2003,YR2003,82.691905672488
Armenia,ARM,2004,YR2004,82.8105594508515
Armenia,ARM,2005,YR2005,82.9297558605244
Armenia,ARM,2006,YR2006,83.0495663188159
Armenia,ARM,2007,YR2007,83.1699243253424
Armenia,ARM,2008,YR2008,83.290892297693
Armenia,ARM,2009,YR2009,83.2661646196992
Armenia,ARM,2010,YR2010,83.2415893535423
Armenia,ARM,2011,YR2011,83.2171693413308
Armenia,ARM,2012,YR2012,83.1928890340007
Armenia,ARM,2013,YR2013,83.1690226085512
Armenia,ARM,2014,YR2014,83.1453480350589
Armenia,ARM,2015,YR2015,83.0782107165941
Armenia,ARM,2016,YR2016,82.9347308607083
Armenia,ARM,2017,YR2017,82.7914583760328
Armenia,ARM,2018,YR2018,82.9598380412522
Armenia,ARM,2019,YR2019,82.8228477600344
Armenia,ARM,2020,YR2020,82.6858187854657
Armenia,ARM,2021,YR2021,82.5487777192111
Armenia,ARM,2022,YR2022,82.4117239415569
Armenia,ARM,2023,YR2023,..
Armenia,ARM,2024,YR2024,..
Aruba,ABW,2000,YR2000,..
Aruba,ABW,2001,YR2001,..
Aruba,ABW,2002,YR2002,..
Aruba,ABW,2003,YR2003,..
Aruba,ABW,2004,YR2004,..
Aruba,ABW,2005,YR2005,..
Aruba,ABW,2006,YR2006,..
Aruba,ABW,2007,YR2007,..
Aruba,ABW,2008,YR2008,..
Aruba,ABW,2009,YR2009,..
Aruba,ABW,2010,YR2010,..
Aruba,ABW,2011,YR2011,..
Aruba,ABW,2012,YR2012,..
Aruba,ABW,2013,YR2013,..
Aruba,ABW,2014,YR2014,..
Aruba,ABW,2015,YR2015,..
Aruba,ABW,2016,YR2016,..
Aruba,ABW,2017,YR2017,..
Aruba,ABW,2018,YR2018,..
Aruba,ABW,2019,YR2019,..
Aruba,ABW,2020,YR2020,..
Aruba,ABW,2021,YR2021,..
Aruba,ABW,2022,YR2022,..
Aruba,ABW,2023,YR2023,..
Aruba,ABW,2024,YR2024,..
Australia,AUS,2000,YR2000,..
Australia,AUS,2001,YR2001,..
Australia,AUS,2002,YR2002,..
Australia,AUS,2003,YR2003,..
Australia,AUS,2004,YR2004,..
Australia,AUS,2005,YR2005,..
Australia,AUS,2006,YR2006,..
Australia,AUS,2007,YR2007,..
Australia,AUS,2008,YR2008,..
Australia,AUS,2009,YR2009,..
Australia,AUS,2010,YR2010,..
Australia,AUS,2011,YR2011,..
Australia,AUS,2012,YR2012,..
Australia,AUS,2013,YR2013,..
Australia,AUS,2014,YR2014,..
Australia,AUS,2015,YR2015,..
Australia,AUS,2016,YR2016,..
Australia,AUS,2017,YR2017,..
Australia,AUS,2018,YR2018,..
Australia,AUS,2019,YR2019,..
Australia,AUS,2020,YR2020,..
Australia,AUS,2021,YR2021,..
Australia,AUS,2022,YR2022,..
Australia,AUS,2023,YR2023,..
Australia,AUS,2024,YR2024,..
Austria,AUT,2000,YR2000,96.7192347699695
Austria,AUT,2001,YR2001,96.8904977699123
Austria,AUT,2002,YR2002,97.0617545103043
Austria,AUT,2003,YR2003,97.2330123948454
Austria,AUT,2004,YR2004,97.4042729308709
Austria,AUT,2005,YR2005,97.5755346684751
Austria,AUT,2006,YR2006,97.7467976841823
Austria,AUT,2007,YR2007,97.9180546951281
Austria,AUT,2008,YR2008,98.0893140173494
Austria,AUT,2009,YR2009,98.2605764458408
Austria,AUT,2010,YR2010,98.4318370318555
Austria,AUT,2011,YR2011,98.6030953433877
Austria,AUT,2012,YR2012,98.7743527023135
Austria,AUT,2013,YR2013,98.9126418574916
Austria,AUT,2014,YR2014,98.911030882148
Austria,AUT,2015,YR2015,98.9094213452267
Austria,AUT,2016,YR2016,98.9078081893026
Austria,AUT,2017,YR2017,98.9062020537843
Austria,AUT,2018,YR2018,98.9044748151298
Austria,AUT,2019,YR2019,98.9026191314884
Austria,AUT,2020,YR2020,98.9006430846756
Austria,AUT,2021,YR2021,98.8985428249425
Austria,AUT,2022,YR2022,98.8963233865813
Austria,AUT,2023,YR2023,..
Austria,AUT,2024,YR2024,..
Azerbaijan,AZE,2000,YR2000,57.7485547835283
Azerbaijan,AZE,2001,YR2001,59.4884133959154
Azerbaijan,AZE,2002,YR2002,60.1104341282052
Azerbaijan,AZE,2003,YR2003,60.7289597172447
Azerbaijan,AZE,2004,YR2004,61.3437670511597
Azerbaijan,AZE,2005,YR2005,61.9546773370466
Azerbaijan,AZE,2006,YR2006,62.5618941223254
Azerbaijan,AZE,2007,YR2007,63.1655786670373
Azerbaijan,AZE,2008,YR2008,63.7653914133059
Azerbaijan,AZE,2009,YR2009,64.3615104071033
Azerbaijan,AZE,2010,YR2010,64.9561147342884
Azerbaijan,AZE,2011,YR2011,65.5486272082272
Azerbaijan,AZE,2012,YR2012,66.1386443105831
Azerbaijan,AZE,2013,YR2013,66.7258478584109
Azerbaijan,AZE,2014,YR2014,67.3096981175523
Azerbaijan,AZE,2015,YR2015,67.8897827342271
Azerbaijan,AZE,2016,YR2016,68.4656824045065
Azerbaijan,AZE,2017,YR2017,69.0369846849635
Azerbaijan,AZE,2018,YR2018,69.6032658882812
Azerbaijan,AZE,2019,YR2019,70.1640650702162
Azerbaijan,AZE,2020,YR2020,70.6733099660733
Azerbaijan,AZE,2021,YR2021,71.1463482447038
Azerbaijan,AZE,2022,YR2022,71.6117027151749
Azerbaijan,AZE,2023,YR2023,..
Azerbaijan,AZE,2024,YR2024,..
"Bahamas, The",BHS,2000,YR2000,..
"Bahamas, The",BHS,2001,YR2001,..
"Bahamas, The",BHS,2002,YR2002,..
"Bahamas, The",BHS,2003,YR2003,..
"Bahamas, The",BHS,2004,YR2004,..
"Bahamas, The",BHS,2005,YR2005,..
"Bahamas, The",BHS,2006,YR2006,..
"Bahamas, The",BHS,2007,YR2007,..
"Bahamas, The",BHS,2008,YR2008,..
"Bahamas, The",BHS,2009,YR2009,..
"Bahamas, The",BHS,2010,YR2010,..
"Bahamas, The",BHS,2011,YR2011,..
"Bahamas, The",BHS,2012,YR2012,..
"Bahamas, The",BHS,2013,YR2013,..
"Bahamas, The",BHS,2014,YR2014,..
"Bahamas, The",BHS,2015,YR2015,..
"Bahamas, The",BHS,2016,YR2016,..
"Bahamas, The",BHS,2017,YR2017,..
"Bahamas, The",BHS,2018,YR2018,..
"Bahamas, The",BHS,2019,YR2019,..
"Bahamas, The",BHS,2020,YR2020,..
"Bahamas, The",BHS,2021,YR2021,..
"Bahamas, The",BHS,2022,YR2022,..
"Bahamas, The",BHS,2023,YR2023,..
"Bahamas, The",BHS,2024,YR2024,..
Bahrain,BHR,2000,YR2000,98.8819797328263
Bahrain,BHR,2001,YR2001,98.8884967814595
Bahrain,BHR,2002,YR2002,98.8950135029766
Bahrain,BHR,2003,YR2003,98.9015298973774
Bahrain,BHR,2004,YR2004,98.9080459646621
Bahrain,BHR,2005,YR2005,98.9145617048306
Bahrain,BHR,2006,YR2006,98.921077117883
Bahrain,BHR,2007,YR2007,98.9275922038192
Bahrain,BHR,2008,YR2008,98.9269988994157
Bahrain,BHR,2009,YR2009,98.9250802880628
Bahrain,BHR,2010,YR2010,98.9231616767098
Bahrain,BHR,2011,YR2011,98.9212430653569
Bahrain,BHR,2012,YR2012,98.919324454004
Bahrain,BHR,2013,YR2013,98.917405842651
Bahrain,BHR,2014,YR2014,98.9154872312981
Bahrain,BHR,2015,YR2015,98.9135686199451
Bahrain,BHR,2016,YR2016,98.9116500085922
Bahrain,BHR,2017,YR2017,98.9097313972392
Bahrain,BHR,2018,YR2018,98.9078127858863
Bahrain,BHR,2019,YR2019,98.9058941745334
Bahrain,BHR,2020,YR2020,98.9039755631804
Bahrain,BHR,2021,YR2021,98.9039755631804
Bahrain,BHR,2022,YR2022,98.9039755631804
Bahrain,BHR,2023,YR2023,..
Bahrain,BHR,2024,YR2024,..
Bangladesh,BGD,2000,YR2000,55.3187008304757
Bangladesh,BGD,2001,YR2001,55.3251160869331
Bangladesh,BGD,2002,YR2002,55.3037151491832
Bangladesh,BGD,2003,YR2003,55.2787471471295
Bangladesh,BGD,2004,YR2004,55.250352936216
Bangladesh,BGD,2005,YR2005,55.2188500690923
Bangladesh,BGD,2006,YR2006,55.1836736404241
Bangladesh,BGD,2007,YR2007,55.1449682258641
Bangladesh,BGD,2008,YR2008,55.1028751333941
Bangladesh,BGD,2009,YR2009,55.0575457562667
Bangladesh,BGD,2010,YR2010,55.0085863901501
Bangladesh,BGD,2011,YR2011,54.956322767706
Bangladesh,BGD,2012,YR2012,55.3036924501787
Bangladesh,BGD,2013,YR2013,55.6668781318431
Bangladesh,BGD,2014,YR2014,56.0454778209341
Bangladesh,BGD,2015,YR2015,56.4401978281453
Bangladesh,BGD,2016,YR2016,56.850799030472
Bangladesh,BGD,2017,YR2017,57.277601417181
Bangladesh,BGD,2018,YR2018,57.7207449544889
Bangladesh,BGD,2019,YR2019,58.180213270118
Bangladesh,BGD,2020,YR2020,58.6559977739333
Bangladesh,BGD,2021,YR2021,59.129846395272
Bangladesh,BGD,2022,YR2022,59.1092953183807
Bangladesh,BGD,2023,YR2023,..
Bangladesh,BGD,2024,YR2024,..
Barbados,BRB,2000,YR2000,..
Barbados,BRB,2001,YR2001,..
Barbados,BRB,2002,YR2002,..
Barbados,BRB,2003,YR2003,..
Barbados,BRB,2004,YR2004,..
Barbados,BRB,2005,YR2005,..
Barbados,BRB,2006,YR2006,..
Barbados,BRB,2007,YR2007,..
Barbados,BRB,2008,YR2008,..
Barbados,BRB,2009,YR2009,..
Barbados,BRB,2010,YR2010,..
Barbados,BRB,2011,YR2011,..
Barbados,BRB,2012,YR2012,..
Barbados,BRB,2013,YR2013,..
Barbados,BRB,2014,YR2014,..
Barbados,BRB,2015,YR2015,..
Barbados,BRB,2016,YR2016,..
Barbados,BRB,2017,YR2017,..
Barbados,BRB,2018,YR2018,..
Barbados,BRB,2019,YR2019,..
Barbados,BRB,2020,YR2020,..
Barbados,BRB,2021,YR2021,..
Barbados,BRB,2022,YR2022,..
Barbados,BRB,2023,YR2023,..
Barbados,BRB,2024,YR2024,..
Belarus,BLR,2000,YR2000,81.8127073395731
Belarus,BLR,2001,YR2001,81.9630686489329
Belarus,BLR,2002,YR2002,82.1121894580886
Belarus,BLR,2003,YR2003,82.2597580262297
Belarus,BLR,2004,YR2004,83.3619065222657
Belarus,BLR,2005,YR2005,84.4451987740795
Belarus,BLR,2006,YR2006,85.5099440254235
Belarus,BLR,2007,YR2007,86.5564474892655
Belarus,BLR,2008,YR2008,87.5852408037155
Belarus,BLR,2009,YR2009,88.5959652616859
Belarus,BLR,2010,YR2010,89.6004913219015
Belarus,BLR,2011,YR2011,90.5895784451933
Belarus,BLR,2012,YR2012,91.5589142752632
Belarus,BLR,2013,YR2013,92.3110094176091
Belarus,BLR,2014,YR2014,92.4042254331142
Belarus,BLR,2015,YR2015,92.4967065541388
Belarus,BLR,2016,YR2016,92.5880037699573
Belarus,BLR,2017,YR2017,92.6783157111893
Belarus,BLR,2018,YR2018,92.766544664735
Belarus,BLR,2019,YR2019,92.8526695974362
Belarus,BLR,2020,YR2020,92.9371107737105
Belarus,BLR,2021,YR2021,93.0194027257802
Belarus,BLR,2022,YR2022,93.0997559157322
Belarus,BLR,2023,YR2023,..
Belarus,BLR,2024,YR2024,..
Belgium,BEL,2000,YR2000,99.631347181465
Belgium,BEL,2001,YR2001,99.6313488418055
Belgium,BEL,2002,YR2002,99.6313528459953
Belgium,BEL,2003,YR2003,99.6313469372192
Belgium,BEL,2004,YR2004,99.6313537051955
Belgium,BEL,2005,YR2005,99.6313528411414
Belgium,BEL,2006,YR2006,99.6313486029159
Belgium,BEL,2007,YR2007,99.6313479016327
Belgium,BEL,2008,YR2008,99.6313457657832
Belgium,BEL,2009,YR2009,99.6313490284445
Belgium,BEL,2010,YR2010,99.6396646771355
Belgium,BEL,2011,YR2011,99.6479761706178
Belgium,BEL,2012,YR2012,99.6562942460374
Belgium,BEL,2013,YR2013,99.6646061190648
Belgium,BEL,2014,YR2014,99.6729240850562
Belgium,BEL,2015,YR2015,99.6812368611916
Belgium,BEL,2016,YR2016,99.6895596365475
Belgium,BEL,2017,YR2017,99.6978690492953
Belgium,BEL,2018,YR2018,99.7061859928
Belgium,BEL,2019,YR2019,99.7145045402121
Belgium,BEL,2020,YR2020,99.7228120895798
Belgium,BEL,2021,YR2021,99.7311343274755
Belgium,BEL,2022,YR2022,99.739449377802
Belgium,BEL,2023,YR2023,..
Belgium,BEL,2024,YR2024,..
Belize,BLZ,2000,YR2000,..
Belize,BLZ,2001,YR2001,..
Belize,BLZ,2002,YR2002,..
Belize,BLZ,2003,YR2003,..
Belize,BLZ,2004,YR2004,..
Belize,BLZ,2005,YR2005,..
Belize,BLZ,2006,YR2006,..
Belize,BLZ,2007,YR2007,..
Belize,BLZ,2008,YR2008,..
Belize,BLZ,2009,YR2009,..
Belize,BLZ,2010,YR2010,..
Belize,BLZ,2011,YR2011,..
Belize,BLZ,2012,YR2012,..
Belize,BLZ,2013,YR2013,..
Belize,BLZ,2014,YR2014,..
Belize,BLZ,2015,YR2015,..
Belize,BLZ,2016,YR2016,..
Belize,BLZ,2017,YR2017,..
Belize,BLZ,2018,YR2018,..
Belize,BLZ,2019,YR2019,..
Belize,BLZ,2020,YR2020,..
Belize,BLZ,2021,YR2021,..
Belize,BLZ,2022,YR2022,..
Belize,BLZ,2023,YR2023,..
Belize,BLZ,2024,YR2024,..
Benin,BEN,2000,YR2000,..
Benin,BEN,2001,YR2001,..
Benin,BEN,2002,YR2002,..
Benin,BEN,2003,YR2003,..
Benin,BEN,2004,YR2004,..
Benin,BEN,2005,YR2005,..
Benin,BEN,2006,YR2006,..
Benin,BEN,2007,YR2007,..
Benin,BEN,2008,YR2008,..
Benin,BEN,2009,YR2009,..
Benin,BEN,2010,YR2010,..
Benin,BEN,2011,YR2011,..
Benin,BEN,2012,YR2012,..
Benin,BEN,2013,YR2013,..
Benin,BEN,2014,YR2014,..
Benin,BEN,2015,YR2015,..
Benin,BEN,2016,YR2016,..
Benin,BEN,2017,YR2017,..
Benin,BEN,2018,YR2018,..
Benin,BEN,2019,YR2019,..
Benin,BEN,2020,YR2020,..
Benin,BEN,2021,YR2021,..
Benin,BEN,2022,YR2022,..
Benin,BEN,2023,YR2023,..
Benin,BEN,2024,YR2024,..
Bermuda,BMU,2000,YR2000,..
Bermuda,BMU,2001,YR2001,..
Bermuda,BMU,2002,YR2002,..
Bermuda,BMU,2003,YR2003,..
Bermuda,BMU,2004,YR2004,..
Bermuda,BMU,2005,YR2005,..
Bermuda,BMU,2006,YR2006,..
Bermuda,BMU,2007,YR2007,..
Bermuda,BMU,2008,YR2008,..
Bermuda,BMU,2009,YR2009,..
Bermuda,BMU,2010,YR2010,..
Bermuda,BMU,2011,YR2011,..
Bermuda,BMU,2012,YR2012,..
Bermuda,BMU,2013,YR2013,..
Bermuda,BMU,2014,YR2014,..
Bermuda,BMU,2015,YR2015,..
Bermuda,BMU,2016,YR2016,..
Bermuda,BMU,2017,YR2017,..
Bermuda,BMU,2018,YR2018,..
Bermuda,BMU,2019,YR2019,..
Bermuda,BMU,2020,YR2020,..
Bermuda,BMU,2021,YR2021,..
Bermuda,BMU,2022,YR2022,..
Bermuda,BMU,2023,YR2023,..
Bermuda,BMU,2024,YR2024,..
Bhutan,BTN,2000,YR2000,22.2928074804762
Bhutan,BTN,2001,YR2001,22.7460097420912
Bhutan,BTN,2002,YR2002,23.200963523096
Bhutan,BTN,2003,YR2003,23.6574689759674
Bhutan,BTN,2004,YR2004,24.1155672357381
Bhutan,BTN,2005,YR2005,24.5642447224496
Bhutan,BTN,2006,YR2006,24.9185279624971
Bhutan,BTN,2007,YR2007,25.2715804659878
Bhutan,BTN,2008,YR2008,25.6233267555193
Bhutan,BTN,2009,YR2009,25.9730245436636
Bhutan,BTN,2010,YR2010,26.321067736107
Bhutan,BTN,2011,YR2011,30.2420416962567
Bhutan,BTN,2012,YR2012,34.1660022880683
Bhutan,BTN,2013,YR2013,38.0903976008666
Bhutan,BTN,2014,YR2014,42.7610959855505
Bhutan,BTN,2015,YR2015,47.4590667445968
Bhutan,BTN,2016,YR2016,52.0890914501162
Bhutan,BTN,2017,YR2017,56.5907498867424
Bhutan,BTN,2018,YR2018,60.8267760838514
Bhutan,BTN,2019,YR2019,65.0083050960222
Bhutan,BTN,2020,YR2020,69.1371586760932
Bhutan,BTN,2021,YR2021,72.6655668705716
Bhutan,BTN,2022,YR2022,73.3419919439661
Bhutan,BTN,2023,YR2023,..
Bhutan,BTN,2024,YR2024,..
Bolivia,BOL,2000,YR2000,..
Bolivia,BOL,2001,YR2001,..
Bolivia,BOL,2002,YR2002,..
Bolivia,BOL,2003,YR2003,..
Bolivia,BOL,2004,YR2004,..
Bolivia,BOL,2005,YR2005,..
Bolivia,BOL,2006,YR2006,..
Bolivia,BOL,2007,YR2007,..
Bolivia,BOL,2008,YR2008,..
Bolivia,BOL,2009,YR2009,..
Bolivia,BOL,2010,YR2010,..
Bolivia,BOL,2011,YR2011,..
Bolivia,BOL,2012,YR2012,..
Bolivia,BOL,2013,YR2013,..
Bolivia,BOL,2014,YR2014,..
Bolivia,BOL,2015,YR2015,..
Bolivia,BOL,2016,YR2016,..
Bolivia,BOL,2017,YR2017,..
Bolivia,BOL,2018,YR2018,..
Bolivia,BOL,2019,YR2019,..
Bolivia,BOL,2020,YR2020,..
Bolivia,BOL,2021,YR2021,..
Bolivia,BOL,2022,YR2022,..
Bolivia,BOL,2023,YR2023,..
Bolivia,BOL,2024,YR2024,..
Bosnia and Herzegovina,BIH,2000,YR2000,87.3499798958305
Bosnia and Herzegovina,BIH,2001,YR2001,87.4727233919538
Bosnia and Herzegovina,BIH,2002,YR2002,87.5946170566855
Bosnia and Herzegovina,BIH,2003,YR2003,87.7155836799488
Bosnia and Herzegovina,BIH,2004,YR2004,87.8356908284727
Bosnia and Herzegovina,BIH,2005,YR2005,87.9548253804655
Bosnia and Herzegovina,BIH,2006,YR2006,88.0730308940977
Bosnia and Herzegovina,BIH,2007,YR2007,88.1903648973967
Bosnia and Herzegovina,BIH,2008,YR2008,88.3067593024703
Bosnia and Herzegovina,BIH,2009,YR2009,88.4222130699407
Bosnia and Herzegovina,BIH,2010,YR2010,88.5367333423369
Bosnia and Herzegovina,BIH,2011,YR2011,88.6503387062911
Bosnia and Herzegovina,BIH,2012,YR2012,88.7022929237708
Bosnia and Herzegovina,BIH,2013,YR2013,88.7976821002597
Bosnia and Herzegovina,BIH,2014,YR2014,88.8171849686973
Bosnia and Herzegovina,BIH,2015,YR2015,88.8251268878566
Bosnia and Herzegovina,BIH,2016,YR2016,88.8333583350121
Bosnia and Herzegovina,BIH,2017,YR2017,88.8418974622832
Bosnia and Herzegovina,BIH,2018,YR2018,88.850693498337
Bosnia and Herzegovina,BIH,2019,YR2019,88.7229758904433
Bosnia and Herzegovina,BIH,2020,YR2020,88.1388818873342
Bosnia and Herzegovina,BIH,2021,YR2021,87.5547837957995
Bosnia and Herzegovina,BIH,2022,YR2022,86.9706794612828
Bosnia and Herzegovina,BIH,2023,YR2023,..
Bosnia and Herzegovina,BIH,2024,YR2024,..
Botswana,BWA,2000,YR2000,..
Botswana,BWA,2001,YR2001,..
Botswana,BWA,2002,YR2002,..
Botswana,BWA,2003,YR2003,..
Botswana,BWA,2004,YR2004,..
Botswana,BWA,2005,YR2005,..
Botswana,BWA,2006,YR2006,..
Botswana,BWA,2007,YR2007,..
Botswana,BWA,2008,YR2008,..
Botswana,BWA,2009,YR2009,..
Botswana,BWA,2010,YR2010,..
Botswana,BWA,2011,YR2011,..
Botswana,BWA,2012,YR2012,..
Botswana,BWA,2013,YR2013,..
Botswana,BWA,2014,YR2014,..
Botswana,BWA,2015,YR2015,..
Botswana,BWA,2016,YR2016,..
Botswana,BWA,2017,YR2017,..
Botswana,BWA,2018,YR2018,..
Botswana,BWA,2019,YR2019,..
Botswana,BWA,2020,YR2020,..
Botswana,BWA,2021,YR2021,..
Botswana,BWA,2022,YR2022,..
Botswana,BWA,2023,YR2023,..
Botswana,BWA,2024,YR2024,..
Brazil,BRA,2000,YR2000,76.0321004143178
Brazil,BRA,2001,YR2001,76.5975256507164
Brazil,BRA,2002,YR2002,76.9846391084615
Brazil,BRA,2003,YR2003,77.2659685376963
Brazil,BRA,2004,YR2004,77.5417105801939
Brazil,BRA,2005,YR2005,77.8119682556767
Brazil,BRA,2006,YR2006,78.0771293045467
Brazil,BRA,2007,YR2007,78.3372659226286
Brazil,BRA,2008,YR2008,78.5924528100554
Brazil,BRA,2009,YR2009,78.8422056955295
Brazil,BRA,2010,YR2010,79.0871837552091
Brazil,BRA,2011,YR2011,79.32989308241
Brazil,BRA,2012,YR2012,79.5678671260293
Brazil,BRA,2013,YR2013,80.3830808932991
Brazil,BRA,2014,YR2014,81.1948027794409
Brazil,BRA,2015,YR2015,82.0024616838265
Brazil,BRA,2016,YR2016,82.7432602104915
Brazil,BRA,2017,YR2017,83.6051549791106
Brazil,BRA,2018,YR2018,84.4000388230692
Brazil,BRA,2019,YR2019,85.1909258971105
Brazil,BRA,2020,YR2020,85.9216178835864
Brazil,BRA,2021,YR2021,86.644033115994
Brazil,BRA,2022,YR2022,87.2587154718951
Brazil,BRA,2023,YR2023,..
Brazil,BRA,2024,YR2024,..
British Virgin Islands,VGB,2000,YR2000,..
British Virgin Islands,VGB,2001,YR2001,..
British Virgin Islands,VGB,2002,YR2002,..
British Virgin Islands,VGB,2003,YR2003,..
British Virgin Islands,VGB,2004,YR2004,..
British Virgin Islands,VGB,2005,YR2005,..
British Virgin Islands,VGB,2006,YR2006,..
British Virgin Islands,VGB,2007,YR2007,..
British Virgin Islands,VGB,2008,YR2008,..
British Virgin Islands,VGB,2009,YR2009,..
British Virgin Islands,VGB,2010,YR2010,..
British Virgin Islands,VGB,2011,YR2011,..
British Virgin Islands,VGB,2012,YR2012,..
British Virgin Islands,VGB,2013,YR2013,..
British Virgin Islands,VGB,2014,YR2014,..
British Virgin Islands,VGB,2015,YR2015,..
British Virgin Islands,VGB,2016,YR2016,..
British Virgin Islands,VGB,2017,YR2017,..
British Virgin Islands,VGB,2018,YR2018,..
British Virgin Islands,VGB,2019,YR2019,..
British Virgin Islands,VGB,2020,YR2020,..
British Virgin Islands,VGB,2021,YR2021,..
British Virgin Islands,VGB,2022,YR2022,..
British Virgin Islands,VGB,2023,YR2023,..
British Virgin Islands,VGB,2024,YR2024,..
Brunei Darussalam,BRN,2000,YR2000,..
Brunei Darussalam,BRN,2001,YR2001,..
Brunei Darussalam,BRN,2002,YR2002,..
Brunei Darussalam,BRN,2003,YR2003,..
Brunei Darussalam,BRN,2004,YR2004,..
Brunei Darussalam,BRN,2005,YR2005,..
Brunei Darussalam,BRN,2006,YR2006,..
Brunei Darussalam,BRN,2007,YR2007,..
Brunei Darussalam,BRN,2008,YR2008,..
Brunei Darussalam,BRN,2009,YR2009,..
Brunei Darussalam,BRN,2010,YR2010,..
Brunei Darussalam,BRN,2011,YR2011,..
Brunei Darussalam,BRN,2012,YR2012,..
Brunei Darussalam,BRN,2013,YR2013,..
Brunei Darussalam,BRN,2014,YR2014,..
Brunei Darussalam,BRN,2015,YR2015,..
Brunei Darussalam,BRN,2016,YR2016,..
Brunei Darussalam,BRN,2017,YR2017,..
Brunei Darussalam,BRN,2018,YR2018,..
Brunei Darussalam,BRN,2019,YR2019,..
Brunei Darussalam,BRN,2020,YR2020,..
Brunei Darussalam,BRN,2021,YR2021,..
Brunei Darussalam,BRN,2022,YR2022,..
Brunei Darussalam,BRN,2023,YR2023,..
Brunei Darussalam,BRN,2024,YR2024,..
Bulgaria,BGR,2000,YR2000,89.6637320953902
Bulgaria,BGR,2001,YR2001,90.1840638943505
Bulgaria,BGR,2002,YR2002,90.7046279123594
Bulgaria,BGR,2003,YR2003,91.2254022731149
Bulgaria,BGR,2004,YR2004,91.7464008521263
Bulgaria,BGR,2005,YR2005,92.2676250323734
Bulgaria,BGR,2006,YR2006,92.789075684739
Bulgaria,BGR,2007,YR2007,93.3107649601008
Bulgaria,BGR,2008,YR2008,93.8326967498586
Bulgaria,BGR,2009,YR2009,94.3548730381605
Bulgaria,BGR,2010,YR2010,94.8772971743945
Bulgaria,BGR,2011,YR2011,95.3999729356832
Bulgaria,BGR,2012,YR2012,95.9229402165542
Bulgaria,BGR,2013,YR2013,96.4462272904915
Bulgaria,BGR,2014,YR2014,96.9233874006562
Bulgaria,BGR,2015,YR2015,96.7620921644771
Bulgaria,BGR,2016,YR2016,96.6015634960495
Bulgaria,BGR,2017,YR2017,96.4418138615001
Bulgaria,BGR,2018,YR2018,96.2828131057567
Bulgaria,BGR,2019,YR2019,96.1245644895827
Bulgaria,BGR,2020,YR2020,95.9670764054634
Bulgaria,BGR,2021,YR2021,95.8103435239846
Bulgaria,BGR,2022,YR2022,95.6543313759674
Bulgaria,BGR,2023,YR2023,..
Bulgaria,BGR,2024,YR2024,..
Burkina Faso,BFA,2000,YR2000,..
Burkina Faso,BFA,2001,YR2001,..
Burkina Faso,BFA,2002,YR2002,..
Burkina Faso,BFA,2003,YR2003,..
Burkina Faso,BFA,2004,YR2004,..
Burkina Faso,BFA,2005,YR2005,..
Burkina Faso,BFA,2006,YR2006,..
Burkina Faso,BFA,2007,YR2007,..
Burkina Faso,BFA,2008,YR2008,..
Burkina Faso,BFA,2009,YR2009,..
Burkina Faso,BFA,2010,YR2010,..
Burkina Faso,BFA,2011,YR2011,..
Burkina Faso,BFA,2012,YR2012,..
Burkina Faso,BFA,2013,YR2013,..
Burkina Faso,BFA,2014,YR2014,..
Burkina Faso,BFA,2015,YR2015,..
Burkina Faso,BFA,2016,YR2016,..
Burkina Faso,BFA,2017,YR2017,..
Burkina Faso,BFA,2018,YR2018,..
Burkina Faso,BFA,2019,YR2019,..
Burkina Faso,BFA,2020,YR2020,..
Burkina Faso,BFA,2021,YR2021,..
Burkina Faso,BFA,2022,YR2022,..
Burkina Faso,BFA,2023,YR2023,..
Burkina Faso,BFA,2024,YR2024,..
Burundi,BDI,2000,YR2000,..
Burundi,BDI,2001,YR2001,..
Burundi,BDI,2002,YR2002,..
Burundi,BDI,2003,YR2003,..
Burundi,BDI,2004,YR2004,..
Burundi,BDI,2005,YR2005,..
Burundi,BDI,2006,YR2006,..
Burundi,BDI,2007,YR2007,..
Burundi,BDI,2008,YR2008,..
Burundi,BDI,2009,YR2009,..
Burundi,BDI,2010,YR2010,..
Burundi,BDI,2011,YR2011,..
Burundi,BDI,2012,YR2012,..
Burundi,BDI,2013,YR2013,..
Burundi,BDI,2014,YR2014,..
Burundi,BDI,2015,YR2015,..
Burundi,BDI,2016,YR2016,..
Burundi,BDI,2017,YR2017,..
Burundi,BDI,2018,YR2018,..
Burundi,BDI,2019,YR2019,..
Burundi,BDI,2020,YR2020,..
Burundi,BDI,2021,YR2021,..
Burundi,BDI,2022,YR2022,..
Burundi,BDI,2023,YR2023,..
Burundi,BDI,2024,YR2024,..
Cabo Verde,CPV,2000,YR2000,..
Cabo Verde,CPV,2001,YR2001,..
Cabo Verde,CPV,2002,YR2002,..
Cabo Verde,CPV,2003,YR2003,..
Cabo Verde,CPV,2004,YR2004,..
Cabo Verde,CPV,2005,YR2005,..
Cabo Verde,CPV,2006,YR2006,..
Cabo Verde,CPV,2007,YR2007,..
Cabo Verde,CPV,2008,YR2008,..
Cabo Verde,CPV,2009,YR2009,..
Cabo Verde,CPV,2010,YR2010,..
Cabo Verde,CPV,2011,YR2011,..
Cabo Verde,CPV,2012,YR2012,..
Cabo Verde,CPV,2013,YR2013,..
Cabo Verde,CPV,2014,YR2014,..
Cabo Verde,CPV,2015,YR2015,..
Cabo Verde,CPV,2016,YR2016,..
Cabo Verde,CPV,2017,YR2017,..
Cabo Verde,CPV,2018,YR2018,..
Cabo Verde,CPV,2019,YR2019,..
Cabo Verde,CPV,2020,YR2020,..
Cabo Verde,CPV,2021,YR2021,..
Cabo Verde,CPV,2022,YR2022,..
Cabo Verde,CPV,2023,YR2023,..
Cabo Verde,CPV,2024,YR2024,..
Cambodia,KHM,2000,YR2000,16.9631343944074
Cambodia,KHM,2001,YR2001,17.4453496376519
Cambodia,KHM,2002,YR2002,17.9278350570634
Cambodia,KHM,2003,YR2003,18.4105919442458
Cambodia,KHM,2004,YR2004,18.8939771301115
Cambodia,KHM,2005,YR2005,19.3779940674056
Cambodia,KHM,2006,YR2006,19.8622863358812
Cambodia,KHM,2007,YR2007,20.3472167317765
Cambodia,KHM,2008,YR2008,20.8462050574285
Cambodia,KHM,2009,YR2009,21.4186906115523
Cambodia,KHM,2010,YR2010,21.9938315244945
Cambodia,KHM,2011,YR2011,22.5716450045149
Cambodia,KHM,2012,YR2012,23.1521487304252
Cambodia,KHM,2013,YR2013,23.7349912688168
Cambodia,KHM,2014,YR2014,24.3209254020834
Cambodia,KHM,2015,YR2015,24.9096029573394
Cambodia,KHM,2016,YR2016,25.501040147582
Cambodia,KHM,2017,YR2017,26.0948804012951
Cambodia,KHM,2018,YR2018,26.6933832941225
Cambodia,KHM,2019,YR2019,27.2962099293108
Cambodia,KHM,2020,YR2020,27.903766635715
Cambodia,KHM,2021,YR2021,28.4683032502909
Cambodia,KHM,2022,YR2022,29.131279569715
Cambodia,KHM,2023,YR2023,..
Cambodia,KHM,2024,YR2024,..
Cameroon,CMR,2000,YR2000,..
Cameroon,CMR,2001,YR2001,..
Cameroon,CMR,2002,YR2002,..
Cameroon,CMR,2003,YR2003,..
Cameroon,CMR,2004,YR2004,..
Cameroon,CMR,2005,YR2005,..
Cameroon,CMR,2006,YR2006,..
Cameroon,CMR,2007,YR2007,..
Cameroon,CMR,2008,YR2008,..
Cameroon,CMR,2009,YR2009,..
Cameroon,CMR,2010,YR2010,..
Cameroon,CMR,2011,YR2011,..
Cameroon,CMR,2012,YR2012,..
Cameroon,CMR,2013,YR2013,..
Cameroon,CMR,2014,YR2014,..
Cameroon,CMR,2015,YR2015,..
Cameroon,CMR,2016,YR2016,..
Cameroon,CMR,2017,YR2017,..
Cameroon,CMR,2018,YR2018,..
Cameroon,CMR,2019,YR2019,..
Cameroon,CMR,2020,YR2020,..
Cameroon,CMR,2021,YR2021,..
Cameroon,CMR,2022,YR2022,..
Cameroon,CMR,2023,YR2023,..
Cameroon,CMR,2024,YR2024,..
Canada,CAN,2000,YR2000,98.1667393679828
Canada,CAN,2001,YR2001,98.1758129113122
Canada,CAN,2002,YR2002,98.1779444590817
Canada,CAN,2003,YR2003,98.1801064474093
Canada,CAN,2004,YR2004,98.1822382032154
Canada,CAN,2005,YR2005,98.2407953766762
Canada,CAN,2006,YR2006,98.2994653733153
Canada,CAN,2007,YR2007,98.3599721754986
Canada,CAN,2008,YR2008,98.4199095876543
Canada,CAN,2009,YR2009,98.4792640419423
Canada,CAN,2010,YR2010,98.5380639140145
Canada,CAN,2011,YR2011,98.5959911169032
Canada,CAN,2012,YR2012,98.65167709981
Canada,CAN,2013,YR2013,98.7072535526378
Canada,CAN,2014,YR2014,98.7627063399284
Canada,CAN,2015,YR2015,98.8180620992335
Canada,CAN,2016,YR2016,98.8733074852587
Canada,CAN,2017,YR2017,98.9285033657562
Canada,CAN,2018,YR2018,98.9836260855053
Canada,CAN,2019,YR2019,99.0386196317734
Canada,CAN,2020,YR2020,99.0389461917976
Canada,CAN,2021,YR2021,99.0393208266726
Canada,CAN,2022,YR2022,99.0397292852425
Canada,CAN,2023,YR2023,..
Canada,CAN,2024,YR2024,..
Cayman Islands,CYM,2000,YR2000,..
Cayman Islands,CYM,2001,YR2001,..
Cayman Islands,CYM,2002,YR2002,..
Cayman Islands,CYM,2003,YR2003,..
Cayman Islands,CYM,2004,YR2004,..
Cayman Islands,CYM,2005,YR2005,..
Cayman Islands,CYM,2006,YR2006,..
Cayman Islands,CYM,2007,YR2007,..
Cayman Islands,CYM,2008,YR2008,..
Cayman Islands,CYM,2009,YR2009,..
Cayman Islands,CYM,2010,YR2010,..
Cayman Islands,CYM,2011,YR2011,..
Cayman Islands,CYM,2012,YR2012,..
Cayman Islands,CYM,2013,YR2013,..
Cayman Islands,CYM,2014,YR2014,..
Cayman Islands,CYM,2015,YR2015,..
Cayman Islands,CYM,2016,YR2016,..
Cayman Islands,CYM,2017,YR2017,..
Cayman Islands,CYM,2018,YR2018,..
Cayman Islands,CYM,2019,YR2019,..
Cayman Islands,CYM,2020,YR2020,..
Cayman Islands,CYM,2021,YR2021,..
Cayman Islands,CYM,2022,YR2022,..
Cayman Islands,CYM,2023,YR2023,..
Cayman Islands,CYM,2024,YR2024,..
Central African Republic,CAF,2000,YR2000,8.53086470231477
Central African Republic,CAF,2001,YR2001,8.3960175599728
Central African Republic,CAF,2002,YR2002,8.26170337509347
Central African Republic,CAF,2003,YR2003,8.1277888097269
Central African Republic,CAF,2004,YR2004,7.99427543453696
Central African Republic,CAF,2005,YR2005,7.86378242326338
Central African Republic,CAF,2006,YR2006,7.73617229496012
Central African Republic,CAF,2007,YR2007,7.61142944035955
Central African Republic,CAF,2008,YR2008,7.48929311659285
Central African Republic,CAF,2009,YR2009,7.36962769554587
Central African Republic,CAF,2010,YR2010,7.25241332361953
Central African Republic,CAF,2011,YR2011,7.13739945787107
Central African Republic,CAF,2012,YR2012,7.02456234088729
Central African Republic,CAF,2013,YR2013,6.91376367985524
Central African Republic,CAF,2014,YR2014,6.80476202389028
Central African Republic,CAF,2015,YR2015,6.6975310443207
Central African Republic,CAF,2016,YR2016,6.59203554548991
Central African Republic,CAF,2017,YR2017,6.48793757270195
Central African Republic,CAF,2018,YR2018,6.38520696907848
Central African Republic,CAF,2019,YR2019,6.28371097133331
Central African Republic,CAF,2020,YR2020,6.18331816252162
Central African Republic,CAF,2021,YR2021,6.08389794486466
Central African Republic,CAF,2022,YR2022,6.12644463898753
Central African Republic,CAF,2023,YR2023,..
Central African Republic,CAF,2024,YR2024,..
Chad,TCD,2000,YR2000,5.52087398982528
Chad,TCD,2001,YR2001,5.55436340416389
Chad,TCD,2002,YR2002,5.58659704293732
Chad,TCD,2003,YR2003,5.61782060007602
Chad,TCD,2004,YR2004,5.6479144514591
Chad,TCD,2005,YR2005,5.67687951850081
Chad,TCD,2006,YR2006,5.70471778217889
Chad,TCD,2007,YR2007,5.73155994162129
Chad,TCD,2008,YR2008,5.75715062160439
Chad,TCD,2009,YR2009,5.78161943507538
Chad,TCD,2010,YR2010,5.80736452502077
Chad,TCD,2011,YR2011,5.83446366674926
Chad,TCD,2012,YR2012,5.86313031273531
Chad,TCD,2013,YR2013,5.89331093255252
Chad,TCD,2014,YR2014,5.92508772122563
Chad,TCD,2015,YR2015,5.95868406195704
Chad,TCD,2016,YR2016,5.99418883763358
Chad,TCD,2017,YR2017,6.0316936003997
Chad,TCD,2018,YR2018,6.07143584248856
Chad,TCD,2019,YR2019,6.11336834894452
Chad,TCD,2020,YR2020,6.15788313789912
Chad,TCD,2021,YR2021,6.20493818300672
Chad,TCD,2022,YR2022,6.24704860480126
Chad,TCD,2023,YR2023,..
Chad,TCD,2024,YR2024,..
Channel Islands,CHI,2000,YR2000,..
Channel Islands,CHI,2001,YR2001,..
Channel Islands,CHI,2002,YR2002,..
Channel Islands,CHI,2003,YR2003,..
Channel Islands,CHI,2004,YR2004,..
Channel Islands,CHI,2005,YR2005,..
Channel Islands,CHI,2006,YR2006,..
Channel Islands,CHI,2007,YR2007,..
Channel Islands,CHI,2008,YR2008,..
Channel Islands,CHI,2009,YR2009,..
Channel Islands,CHI,2010,YR2010,..
Channel Islands,CHI,2011,YR2011,..
Channel Islands,CHI,2012,YR2012,..
Channel Islands,CHI,2013,YR2013,..
Channel Islands,CHI,2014,YR2014,..
Channel Islands,CHI,2015,YR2015,..
Channel Islands,CHI,2016,YR2016,..
Channel Islands,CHI,2017,YR2017,..
Channel Islands,CHI,2018,YR2018,..
Channel Islands,CHI,2019,YR2019,..
Channel Islands,CHI,2020,YR2020,..
Channel Islands,CHI,2021,YR2021,..
Channel Islands,CHI,2022,YR2022,..
Channel Islands,CHI,2023,YR2023,..
Channel Islands,CHI,2024,YR2024,..
Chile,CHL,2000,YR2000,92.0930265397315
Chile,CHL,2001,YR2001,92.5939094976499
Chile,CHL,2002,YR2002,93.0706286963931
Chile,CHL,2003,YR2003,93.4761730857816
Chile,CHL,2004,YR2004,93.8845755309309
Chile,CHL,2005,YR2005,94.2947464357848
Chile,CHL,2006,YR2006,94.7076424957526
Chile,CHL,2007,YR2007,95.1225882108195
Chile,CHL,2008,YR2008,95.5400867626514
Chile,CHL,2009,YR2009,95.9595503190944
Chile,CHL,2010,YR2010,96.3809737725732
Chile,CHL,2011,YR2011,96.8047465803339
Chile,CHL,2012,YR2012,97.2304063276018
Chile,CHL,2013,YR2013,97.6580967341943
Chile,CHL,2014,YR2014,98.0877635800852
Chile,CHL,2015,YR2015,98.3824735679149
Chile,CHL,2016,YR2016,98.57763488943
Chile,CHL,2017,YR2017,98.7702384337868
Chile,CHL,2018,YR2018,98.7713670184763
Chile,CHL,2019,YR2019,98.7713665442106
Chile,CHL,2020,YR2020,98.7713706847373
Chile,CHL,2021,YR2021,98.7713676396397
Chile,CHL,2022,YR2022,98.7713643041914
Chile,CHL,2023,YR2023,..
Chile,CHL,2024,YR2024,..
China,CHN,2000,YR2000,..
China,CHN,2001,YR2001,..
China,CHN,2002,YR2002,..
China,CHN,2003,YR2003,..
China,CHN,2004,YR2004,..
China,CHN,2005,YR2005,..
China,CHN,2006,YR2006,..
China,CHN,2007,YR2007,..
China,CHN,2008,YR2008,..
China,CHN,2009,YR2009,..
China,CHN,2010,YR2010,..
China,CHN,2011,YR2011,..
China,CHN,2012,YR2012,..
China,CHN,2013,YR2013,..
China,CHN,2014,YR2014,..
China,CHN,2015,YR2015,..
China,CHN,2016,YR2016,..
China,CHN,2017,YR2017,..
China,CHN,2018,YR2018,..
China,CHN,2019,YR2019,..
China,CHN,2020,YR2020,..
China,CHN,2021,YR2021,..
China,CHN,2022,YR2022,..
China,CHN,2023,YR2023,..
China,CHN,2024,YR2024,..
Colombia,COL,2000,YR2000,68.5495180186544
Colombia,COL,2001,YR2001,68.8641708171215
Colombia,COL,2002,YR2002,69.1752616173546
Colombia,COL,2003,YR2003,69.4828061807332
Colombia,COL,2004,YR2004,69.7863824437527
Colombia,COL,2005,YR2005,70.0860124543181
Colombia,COL,2006,YR2006,70.3817298964061
Colombia,COL,2007,YR2007,70.6354233345572
Colombia,COL,2008,YR2008,70.8848352722594
Colombia,COL,2009,YR2009,71.129988451761
Colombia,COL,2010,YR2010,71.3704833631711
Colombia,COL,2011,YR2011,71.6063729113685
Colombia,COL,2012,YR2012,71.8381237323737
Colombia,COL,2013,YR2013,72.065357493291
Colombia,COL,2014,YR2014,72.2881015066443
Colombia,COL,2015,YR2015,72.5068379340233
Colombia,COL,2016,YR2016,72.7215997126754
Colombia,COL,2017,YR2017,72.9320062470848
Colombia,COL,2018,YR2018,73.1264378879352
Colombia,COL,2019,YR2019,73.2719193638744
Colombia,COL,2020,YR2020,73.413231097311
Colombia,COL,2021,YR2021,73.7198955424508
Colombia,COL,2022,YR2022,73.8560448264451
Colombia,COL,2023,YR2023,..
Colombia,COL,2024,YR2024,..
Comoros,COM,2000,YR2000,..
Comoros,COM,2001,YR2001,..
Comoros,COM,2002,YR2002,..
Comoros,COM,2003,YR2003,..
Comoros,COM,2004,YR2004,..
Comoros,COM,2005,YR2005,..
Comoros,COM,2006,YR2006,..
Comoros,COM,2007,YR2007,..
Comoros,COM,2008,YR2008,..
Comoros,COM,2009,YR2009,..
Comoros,COM,2010,YR2010,..
Comoros,COM,2011,YR2011,..
Comoros,COM,2012,YR2012,..
Comoros,COM,2013,YR2013,..
Comoros,COM,2014,YR2014,..
Comoros,COM,2015,YR2015,..
Comoros,COM,2016,YR2016,..
Comoros,COM,2017,YR2017,..
Comoros,COM,2018,YR2018,..
Comoros,COM,2019,YR2019,..
Comoros,COM,2020,YR2020,..
Comoros,COM,2021,YR2021,..
Comoros,COM,2022,YR2022,..
Comoros,COM,2023,YR2023,..
Comoros,COM,2024,YR2024,..
"Congo, Dem. Rep.",COD,2000,YR2000,12.2123267805683
"Congo, Dem. Rep.",COD,2001,YR2001,12.2132374168815
"Congo, Dem. Rep.",COD,2002,YR2002,12.2086613773517
"Congo, Dem. Rep.",COD,2003,YR2003,12.198470762078
"Congo, Dem. Rep.",COD,2004,YR2004,12.1825329393722
"Congo, Dem. Rep.",COD,2005,YR2005,12.1619476934982
"Congo, Dem. Rep.",COD,2006,YR2006,12.1371326820642
"Congo, Dem. Rep.",COD,2007,YR2007,12.107874117823
"Congo, Dem. Rep.",COD,2008,YR2008,12.0733617976337
"Congo, Dem. Rep.",COD,2009,YR2009,12.0339797530418
"Congo, Dem. Rep.",COD,2010,YR2010,11.9889309071555
"Congo, Dem. Rep.",COD,2011,YR2011,11.9385724789709
"Congo, Dem. Rep.",COD,2012,YR2012,11.8821214729561
"Congo, Dem. Rep.",COD,2013,YR2013,11.8193690047971
"Congo, Dem. Rep.",COD,2014,YR2014,11.7503722436099
"Congo, Dem. Rep.",COD,2015,YR2015,11.6746408900037
"Congo, Dem. Rep.",COD,2016,YR2016,11.5919584610528
"Congo, Dem. Rep.",COD,2017,YR2017,11.5018570307964
"Congo, Dem. Rep.",COD,2018,YR2018,11.4043739382468
"Congo, Dem. Rep.",COD,2019,YR2019,11.2990478746874
"Congo, Dem. Rep.",COD,2020,YR2020,11.1856662910631
"Congo, Dem. Rep.",COD,2021,YR2021,11.3837135621712
"Congo, Dem. Rep.",COD,2022,YR2022,11.5843357881251
"Congo, Dem. Rep.",COD,2023,YR2023,..
"Congo, Dem. Rep.",COD,2024,YR2024,..
"Congo, Rep.",COG,2000,YR2000,27.4222910128842
"Congo, Rep.",COG,2001,YR2001,27.5830848552914
"Congo, Rep.",COG,2002,YR2002,27.7818063411857
"Congo, Rep.",COG,2003,YR2003,27.9804124988277
"Congo, Rep.",COG,2004,YR2004,29.5763950242683
"Congo, Rep.",COG,2005,YR2005,31.1952506737724
"Congo, Rep.",COG,2006,YR2006,32.8366595630217
"Congo, Rep.",COG,2007,YR2007,34.5007061970797
"Congo, Rep.",COG,2008,YR2008,36.1879206039648
"Congo, Rep.",COG,2009,YR2009,37.8980963565358
"Congo, Rep.",COG,2010,YR2010,39.6314442165765
"Congo, Rep.",COG,2011,YR2011,41.3869008348128
"Congo, Rep.",COG,2012,YR2012,42.4285807175505
"Congo, Rep.",COG,2013,YR2013,43.0132402114745
"Congo, Rep.",COG,2014,YR2014,43.5985204056278
"Congo, Rep.",COG,2015,YR2015,44.1840934285822
"Congo, Rep.",COG,2016,YR2016,44.7696324671102
"Congo, Rep.",COG,2017,YR2017,45.3548124526646
"Congo, Rep.",COG,2018,YR2018,45.5356397165062
"Congo, Rep.",COG,2019,YR2019,45.7164653525532
"Congo, Rep.",COG,2020,YR2020,45.8968960933344
"Congo, Rep.",COG,2021,YR2021,46.0765362516652
"Congo, Rep.",COG,2022,YR2022,..
"Congo, Rep.",COG,2023,YR2023,..
"Congo, Rep.",COG,2024,YR2024,..
Costa Rica,CRI,2000,YR2000,76.4062353813744
Costa Rica,CRI,2001,YR2001,76.7539586919257
Costa Rica,CRI,2002,YR2002,77.0867143581572
Costa Rica,CRI,2003,YR2003,77.4046626717899
Costa Rica,CRI,2004,YR2004,77.7078495231556
Costa Rica,CRI,2005,YR2005,77.996279227751
Costa Rica,CRI,2006,YR2006,78.2704762052349
Costa Rica,CRI,2007,YR2007,78.5306208742014
Costa Rica,CRI,2008,YR2008,78.777118952601
Costa Rica,CRI,2009,YR2009,79.0100240623419
Costa Rica,CRI,2010,YR2010,79.2300399572182
Costa Rica,CRI,2011,YR2011,79.4373879979204
Costa Rica,CRI,2012,YR2012,79.6319515328466
Costa Rica,CRI,2013,YR2013,79.8145510989427
Costa Rica,CRI,2014,YR2014,79.9860262766625
Costa Rica,CRI,2015,YR2015,80.1472155635111
Costa Rica,CRI,2016,YR2016,80.2988811672934
Costa Rica,CRI,2017,YR2017,80.4417707041206
Costa Rica,CRI,2018,YR2018,80.525590360828
Costa Rica,CRI,2019,YR2019,80.5206840136456
Costa Rica,CRI,2020,YR2020,80.5160465668615
Costa Rica,CRI,2021,YR2021,80.5116881112198
Costa Rica,CRI,2022,YR2022,80.5075784878385
Costa Rica,CRI,2023,YR2023,..
Costa Rica,CRI,2024,YR2024,..
Cote d'Ivoire,CIV,2000,YR2000,23.086655423663
Cote d'Ivoire,CIV,2001,YR2001,23.563048593215
Cote d'Ivoire,CIV,2002,YR2002,24.0067422283943
Cote d'Ivoire,CIV,2003,YR2003,24.0859299166158
Cote d'Ivoire,CIV,2004,YR2004,24.164870833197
Cote d'Ivoire,CIV,2005,YR2005,24.2429225324484
Cote d'Ivoire,CIV,2006,YR2006,24.3205097542301
Cote d'Ivoire,CIV,2007,YR2007,24.3976310262985
Cote d'Ivoire,CIV,2008,YR2008,24.4742852236951
Cote d'Ivoire,CIV,2009,YR2009,24.5500512161242
Cote d'Ivoire,CIV,2010,YR2010,24.6253454515468
Cote d'Ivoire,CIV,2011,YR2011,24.700166779064
Cote d'Ivoire,CIV,2012,YR2012,28.7375709803376
Cote d'Ivoire,CIV,2013,YR2013,31.5056813067325
Cote d'Ivoire,CIV,2014,YR2014,33.2507794211575
Cote d'Ivoire,CIV,2015,YR2015,35.0107478443883
Cote d'Ivoire,CIV,2016,YR2016,36.7854755505636
Cote d'Ivoire,CIV,2017,YR2017,38.5754643830321
Cote d'Ivoire,CIV,2018,YR2018,40.3810137249807
Cote d'Ivoire,CIV,2019,YR2019,42.1515450758296
Cote d'Ivoire,CIV,2020,YR2020,43.6416406173766
Cote d'Ivoire,CIV,2021,YR2021,43.7664578960464
Cote d'Ivoire,CIV,2022,YR2022,43.8921552555398
Cote d'Ivoire,CIV,2023,YR2023,..
Cote d'Ivoire,CIV,2024,YR2024,..
Croatia,HRV,2000,YR2000,85.1164078355147
Croatia,HRV,2001,YR2001,85.168949071646
Croatia,HRV,2002,YR2002,85.2101916675425
Croatia,HRV,2003,YR2003,85.2516815437937
Croatia,HRV,2004,YR2004,85.292927338925
Croatia,HRV,2005,YR2005,85.3341709221267
Croatia,HRV,2006,YR2006,85.375418818706
Croatia,HRV,2007,YR2007,85.4166611736266
Croatia,HRV,2008,YR2008,..
Croatia,HRV,2009,YR2009,..
Croatia,HRV,2010,YR2010,..
Croatia,HRV,2011,YR2011,..
Croatia,HRV,2012,YR2012,..
Croatia,HRV,2013,YR2013,..
Croatia,HRV,2014,YR2014,..
Croatia,HRV,2015,YR2015,..
Croatia,HRV,2016,YR2016,..
Croatia,HRV,2017,YR2017,..
Croatia,HRV,2018,YR2018,..
Croatia,HRV,2019,YR2019,..
Croatia,HRV,2020,YR2020,..
Croatia,HRV,2021,YR2021,..
Croatia,HRV,2022,YR2022,..
Croatia,HRV,2023,YR2023,..
Croatia,HRV,2024,YR2024,..
Cuba,CUB,2000,YR2000,..
Cuba,CUB,2001,YR2001,..
Cuba,CUB,2002,YR2002,..
Cuba,CUB,2003,YR2003,..
Cuba,CUB,2004,YR2004,..
Cuba,CUB,2005,YR2005,..
Cuba,CUB,2006,YR2006,..
Cuba,CUB,2007,YR2007,..
Cuba,CUB,2008,YR2008,..
Cuba,CUB,2009,YR2009,..
Cuba,CUB,2010,YR2010,..
Cuba,CUB,2011,YR2011,..
Cuba,CUB,2012,YR2012,..
Cuba,CUB,2013,YR2013,..
Cuba,CUB,2014,YR2014,..
Cuba,CUB,2015,YR2015,..
Cuba,CUB,2016,YR2016,..
Cuba,CUB,2017,YR2017,..
Cuba,CUB,2018,YR2018,..
Cuba,CUB,2019,YR2019,..
Cuba,CUB,2020,YR2020,..
Cuba,CUB,2021,YR2021,..
Cuba,CUB,2022,YR2022,..
Cuba,CUB,2023,YR2023,..
Cuba,CUB,2024,YR2024,..
Curacao,CUW,2000,YR2000,..
Curacao,CUW,2001,YR2001,..
Curacao,CUW,2002,YR2002,..
Curacao,CUW,2003,YR2003,..
Curacao,CUW,2004,YR2004,..
Curacao,CUW,2005,YR2005,..
Curacao,CUW,2006,YR2006,..
Curacao,CUW,2007,YR2007,..
Curacao,CUW,2008,YR2008,..
Curacao,CUW,2009,YR2009,..
Curacao,CUW,2010,YR2010,..
Curacao,CUW,2011,YR2011,..
Curacao,CUW,2012,YR2012,..
Curacao,CUW,2013,YR2013,..
Curacao,CUW,2014,YR2014,..
Curacao,CUW,2015,YR2015,..
Curacao,CUW,2016,YR2016,..
Curacao,CUW,2017,YR2017,..
Curacao,CUW,2018,YR2018,..
Curacao,CUW,2019,YR2019,..
Curacao,CUW,2020,YR2020,..
Curacao,CUW,2021,YR2021,..
Curacao,CUW,2022,YR2022,..
Curacao,CUW,2023,YR2023,..
Curacao,CUW,2024,YR2024,..
Cyprus,CYP,2000,YR2000,95.8530718305109
Cyprus,CYP,2001,YR2001,95.8530051421198
Cyprus,CYP,2002,YR2002,95.8530439729194
Cyprus,CYP,2003,YR2003,95.8455426044293
Cyprus,CYP,2004,YR2004,96.1054934482517
Cyprus,CYP,2005,YR2005,96.3654106331384
Cyprus,CYP,2006,YR2006,96.625296558312
Cyprus,CYP,2007,YR2007,96.8851539116552
Cyprus,CYP,2008,YR2008,97.1449809085214
Cyprus,CYP,2009,YR2009,97.4047825307923
Cyprus,CYP,2010,YR2010,97.6645477963551
Cyprus,CYP,2011,YR2011,97.9242829564088
Cyprus,CYP,2012,YR2012,98.1839966639997
Cyprus,CYP,2013,YR2013,98.4436533593412
Cyprus,CYP,2014,YR2014,98.7032591582429
Cyprus,CYP,2015,YR2015,98.9628141538222
Cyprus,CYP,2016,YR2016,99.2223052535276
Cyprus,CYP,2017,YR2017,99.4817456332683
Cyprus,CYP,2018,YR2018,99.741113800891
Cyprus,CYP,2019,YR2019,99.7651923631792
Cyprus,CYP,2020,YR2020,99.7651721581168
Cyprus,CYP,2021,YR2021,99.7651324768156
Cyprus,CYP,2022,YR2022,99.7650627352206
Cyprus,CYP,2023,YR2023,..
Cyprus,CYP,2024,YR2024,..
Czechia,CZE,2000,YR2000,96.321859781025
Czechia,CZE,2001,YR2001,96.3179218850059
Czechia,CZE,2002,YR2002,96.435829369237
Czechia,CZE,2003,YR2003,96.554070820316
Czechia,CZE,2004,YR2004,96.6726853696249
Czechia,CZE,2005,YR2005,96.7916669349274
Czechia,CZE,2006,YR2006,96.9110206402679
Czechia,CZE,2007,YR2007,97.0307252765234
Czechia,CZE,2008,YR2008,97.1508266169912
Czechia,CZE,2009,YR2009,97.2712848774396
Czechia,CZE,2010,YR2010,97.3921285255564
Czechia,CZE,2011,YR2011,97.513336972409
Czechia,CZE,2012,YR2012,97.6355731996119
Czechia,CZE,2013,YR2013,97.7582259753032
Czechia,CZE,2014,YR2014,97.8804430500681
Czechia,CZE,2015,YR2015,97.8807253473668
Czechia,CZE,2016,YR2016,97.8810008546094
Czechia,CZE,2017,YR2017,97.8813135588744
Czechia,CZE,2018,YR2018,97.8816619040419
Czechia,CZE,2019,YR2019,97.8820483219257
Czechia,CZE,2020,YR2020,97.8824671997283
Czechia,CZE,2021,YR2021,97.8829255452435
Czechia,CZE,2022,YR2022,97.8834116268806
Czechia,CZE,2023,YR2023,..
Czechia,CZE,2024,YR2024,..
Denmark,DNK,2000,YR2000,94.0215446976654
Denmark,DNK,2001,YR2001,94.0215450080604
Denmark,DNK,2002,YR2002,94.0215456319684
Denmark,DNK,2003,YR2003,94.0215427892674
Denmark,DNK,2004,YR2004,94.4184493254521
Denmark,DNK,2005,YR2005,94.8153532403821
Denmark,DNK,2006,YR2006,95.2122641652862
Denmark,DNK,2007,YR2007,95.6091688218986
Denmark,DNK,2008,YR2008,96.0060749005009
Denmark,DNK,2009,YR2009,96.402972409788
Denmark,DNK,2010,YR2010,96.7998792215254
Denmark,DNK,2011,YR2011,97.1967863728046
Denmark,DNK,2012,YR2012,97.593687158432
Denmark,DNK,2013,YR2013,97.9905938239385
Denmark,DNK,2014,YR2014,98.3875001402106
Denmark,DNK,2015,YR2015,98.7844096414334
Denmark,DNK,2016,YR2016,99.1813090439104
Denmark,DNK,2017,YR2017,99.5782174188815
Denmark,DNK,2018,YR2018,99.9188311329772
Denmark,DNK,2019,YR2019,99.9188303479105
Denmark,DNK,2020,YR2020,99.9188240598864
Denmark,DNK,2021,YR2021,99.9188271844994
Denmark,DNK,2022,YR2022,99.9188291924832
Denmark,DNK,2023,YR2023,..
Denmark,DNK,2024,YR2024,..
Djibouti,DJI,2000,YR2000,..
Djibouti,DJI,2001,YR2001,..
Djibouti,DJI,2002,YR2002,..
Djibouti,DJI,2003,YR2003,..
Djibouti,DJI,2004,YR2004,..
Djibouti,DJI,2005,YR2005,..
Djibouti,DJI,2006,YR2006,..
Djibouti,DJI,2007,YR2007,..
Djibouti,DJI,2008,YR2008,..
Djibouti,DJI,2009,YR2009,..
Djibouti,DJI,2010,YR2010,..
Djibouti,DJI,2011,YR2011,..
Djibouti,DJI,2012,YR2012,..
Djibouti,DJI,2013,YR2013,..
Djibouti,DJI,2014,YR2014,..
Djibouti,DJI,2015,YR2015,..
Djibouti,DJI,2016,YR2016,..
Djibouti,DJI,2017,YR2017,..
Djibouti,DJI,2018,YR2018,..
Djibouti,DJI,2019,YR2019,..
Djibouti,DJI,2020,YR2020,..
Djibouti,DJI,2021,YR2021,..
Djibouti,DJI,2022,YR2022,..
Djibouti,DJI,2023,YR2023,..
Djibouti,DJI,2024,YR2024,..
Dominica,DMA,2000,YR2000,..
Dominica,DMA,2001,YR2001,..
Dominica,DMA,2002,YR2002,..
Dominica,DMA,2003,YR2003,..
Dominica,DMA,2004,YR2004,..
Dominica,DMA,2005,YR2005,..
Dominica,DMA,2006,YR2006,..
Dominica,DMA,2007,YR2007,..
Dominica,DMA,2008,YR2008,..
Dominica,DMA,2009,YR2009,..
Dominica,DMA,2010,YR2010,..
Dominica,DMA,2011,YR2011,..
Dominica,DMA,2012,YR2012,..
Dominica,DMA,2013,YR2013,..
Dominica,DMA,2014,YR2014,..
Dominica,DMA,2015,YR2015,..
Dominica,DMA,2016,YR2016,..
Dominica,DMA,2017,YR2017,..
Dominica,DMA,2018,YR2018,..
Dominica,DMA,2019,YR2019,..
Dominica,DMA,2020,YR2020,..
Dominica,DMA,2021,YR2021,..
Dominica,DMA,2022,YR2022,..
Dominica,DMA,2023,YR2023,..
Dominica,DMA,2024,YR2024,..
Dominican Republic,DOM,2000,YR2000,41.9590718272735
Dominican Republic,DOM,2001,YR2001,42.0816801399603
Dominican Republic,DOM,2002,YR2002,42.2025337604448
Dominican Republic,DOM,2003,YR2003,42.3785890790895
Dominican Republic,DOM,2004,YR2004,42.5745983047639
Dominican Republic,DOM,2005,YR2005,42.7649172347784
Dominican Republic,DOM,2006,YR2006,42.9501173510366
Dominican Republic,DOM,2007,YR2007,43.1298632689256
Dominican Republic,DOM,2008,YR2008,43.3042055975017
Dominican Republic,DOM,2009,YR2009,43.4721786163598
Dominican Republic,DOM,2010,YR2010,43.6347382876146
Dominican Republic,DOM,2011,YR2011,43.7785334657804
Dominican Republic,DOM,2012,YR2012,43.9085944864059
Dominican Republic,DOM,2013,YR2013,44.0339925874748
Dominican Republic,DOM,2014,YR2014,44.1550220923269
Dominican Republic,DOM,2015,YR2015,44.2718554077265
Dominican Republic,DOM,2016,YR2016,44.3844165394738
Dominican Republic,DOM,2017,YR2017,44.4923768099181
Dominican Republic,DOM,2018,YR2018,44.5939613974756
Dominican Republic,DOM,2019,YR2019,44.6893608651201
Dominican Republic,DOM,2020,YR2020,44.7787855135927
Dominican Republic,DOM,2021,YR2021,44.8626582257639
Dominican Republic,DOM,2022,YR2022,44.9411768110773
Dominican Republic,DOM,2023,YR2023,..
Dominican Republic,DOM,2024,YR2024,..
Ecuador,ECU,2000,YR2000,58.2030485527504
Ecuador,ECU,2001,YR2001,58.7580237951327
Ecuador,ECU,2002,YR2002,59.2665603894288
Ecuador,ECU,2003,YR2003,59.7442101819941
Ecuador,ECU,2004,YR2004,60.2214424234426
Ecuador,ECU,2005,YR2005,60.6980071745337
Ecuador,ECU,2006,YR2006,61.1739057460291
Ecuador,ECU,2007,YR2007,61.6496381799933
Ecuador,ECU,2008,YR2008,62.1247128309791
Ecuador,ECU,2009,YR2009,62.5991244746966
Ecuador,ECU,2010,YR2010,63.0731256086382
Ecuador,ECU,2011,YR2011,63.5385152036045
Ecuador,ECU,2012,YR2012,63.9977979252036
Ecuador,ECU,2013,YR2013,64.4567910969441
Ecuador,ECU,2014,YR2014,64.9152564369809
Ecuador,ECU,2015,YR2015,65.3736735755729
Ecuador,ECU,2016,YR2016,65.8315610896667
Ecuador,ECU,2017,YR2017,66.1811722729968
Ecuador,ECU,2018,YR2018,66.3946984801382
Ecuador,ECU,2019,YR2019,66.6098571346883
Ecuador,ECU,2020,YR2020,66.8266652974836
Ecuador,ECU,2021,YR2021,67.044902482394
Ecuador,ECU,2022,YR2022,67.0895117739847
Ecuador,ECU,2023,YR2023,..
Ecuador,ECU,2024,YR2024,..
"Egypt, Arab Rep.",EGY,2000,YR2000,..
"Egypt, Arab Rep.",EGY,2001,YR2001,..
"Egypt, Arab Rep.",EGY,2002,YR2002,..
"Egypt, Arab Rep.",EGY,2003,YR2003,..
"Egypt, Arab Rep.",EGY,2004,YR2004,..
"Egypt, Arab Rep.",EGY,2005,YR2005,..
"Egypt, Arab Rep.",EGY,2006,YR2006,..
"Egypt, Arab Rep.",EGY,2007,YR2007,..
"Egypt, Arab Rep.",EGY,2008,YR2008,..
"Egypt, Arab Rep.",EGY,2009,YR2009,..
"Egypt, Arab Rep.",EGY,2010,YR2010,..
"Egypt, Arab Rep.",EGY,2011,YR2011,..
"Egypt, Arab Rep.",EGY,2012,YR2012,..
"Egypt, Arab Rep.",EGY,2013,YR2013,..
"Egypt, Arab Rep.",EGY,2014,YR2014,..
"Egypt, Arab Rep.",EGY,2015,YR2015,..
"Egypt, Arab Rep.",EGY,2016,YR2016,..
"Egypt, Arab Rep.",EGY,2017,YR2017,..
"Egypt, Arab Rep.",EGY,2018,YR2018,..
"Egypt, Arab Rep.",EGY,2019,YR2019,..
"Egypt, Arab Rep.",EGY,2020,YR2020,..
"Egypt, Arab Rep.",EGY,2021,YR2021,..
"Egypt, Arab Rep.",EGY,2022,YR2022,..
"Egypt, Arab Rep.",EGY,2023,YR2023,..
"Egypt, Arab Rep.",EGY,2024,YR2024,..
El Salvador,SLV,2000,YR2000,..
El Salvador,SLV,2001,YR2001,..
El Salvador,SLV,2002,YR2002,..
El Salvador,SLV,2003,YR2003,..
El Salvador,SLV,2004,YR2004,..
El Salvador,SLV,2005,YR2005,..
El Salvador,SLV,2006,YR2006,..
El Salvador,SLV,2007,YR2007,..
El Salvador,SLV,2008,YR2008,..
El Salvador,SLV,2009,YR2009,..
El Salvador,SLV,2010,YR2010,..
El Salvador,SLV,2011,YR2011,..
El Salvador,SLV,2012,YR2012,..
El Salvador,SLV,2013,YR2013,..
El Salvador,SLV,2014,YR2014,..
El Salvador,SLV,2015,YR2015,..
El Salvador,SLV,2016,YR2016,..
El Salvador,SLV,2017,YR2017,..
El Salvador,SLV,2018,YR2018,..
El Salvador,SLV,2019,YR2019,..
El Salvador,SLV,2020,YR2020,..
El Salvador,SLV,2021,YR2021,..
El Salvador,SLV,2022,YR2022,..
El Salvador,SLV,2023,YR2023,..
El Salvador,SLV,2024,YR2024,..
Equatorial Guinea,GNQ,2000,YR2000,..
Equatorial Guinea,GNQ,2001,YR2001,..
Equatorial Guinea,GNQ,2002,YR2002,..
Equatorial Guinea,GNQ,2003,YR2003,..
Equatorial Guinea,GNQ,2004,YR2004,..
Equatorial Guinea,GNQ,2005,YR2005,..
Equatorial Guinea,GNQ,2006,YR2006,..
Equatorial Guinea,GNQ,2007,YR2007,..
Equatorial Guinea,GNQ,2008,YR2008,..
Equatorial Guinea,GNQ,2009,YR2009,..
Equatorial Guinea,GNQ,2010,YR2010,..
Equatorial Guinea,GNQ,2011,YR2011,..
Equatorial Guinea,GNQ,2012,YR2012,..
Equatorial Guinea,GNQ,2013,YR2013,..
Equatorial Guinea,GNQ,2014,YR2014,..
Equatorial Guinea,GNQ,2015,YR2015,..
Equatorial Guinea,GNQ,2016,YR2016,..
Equatorial Guinea,GNQ,2017,YR2017,..
Equatorial Guinea,GNQ,2018,YR2018,..
Equatorial Guinea,GNQ,2019,YR2019,..
Equatorial Guinea,GNQ,2020,YR2020,..
Equatorial Guinea,GNQ,2021,YR2021,..
Equatorial Guinea,GNQ,2022,YR2022,..
Equatorial Guinea,GNQ,2023,YR2023,..
Equatorial Guinea,GNQ,2024,YR2024,..
Eritrea,ERI,2000,YR2000,..
Eritrea,ERI,2001,YR2001,..
Eritrea,ERI,2002,YR2002,..
Eritrea,ERI,2003,YR2003,..
Eritrea,ERI,2004,YR2004,..
Eritrea,ERI,2005,YR2005,..
Eritrea,ERI,2006,YR2006,..
Eritrea,ERI,2007,YR2007,..
Eritrea,ERI,2008,YR2008,..
Eritrea,ERI,2009,YR2009,..
Eritrea,ERI,2010,YR2010,..
Eritrea,ERI,2011,YR2011,..
Eritrea,ERI,2012,YR2012,..
Eritrea,ERI,2013,YR2013,..
Eritrea,ERI,2014,YR2014,..
Eritrea,ERI,2015,YR2015,..
Eritrea,ERI,2016,YR2016,..
Eritrea,ERI,2017,YR2017,..
Eritrea,ERI,2018,YR2018,..
Eritrea,ERI,2019,YR2019,..
Eritrea,ERI,2020,YR2020,..
Eritrea,ERI,2021,YR2021,..
Eritrea,ERI,2022,YR2022,..
Eritrea,ERI,2023,YR2023,..
Eritrea,ERI,2024,YR2024,..
Estonia,EST,2000,YR2000,91.681879044361
Estonia,EST,2001,YR2001,92.0087903155716
Estonia,EST,2002,YR2002,92.3397737920971
Estonia,EST,2003,YR2003,92.6746855002471
Estonia,EST,2004,YR2004,93.0137311466663
Estonia,EST,2005,YR2005,93.3569306926707
Estonia,EST,2006,YR2006,93.7041776355574
Estonia,EST,2007,YR2007,94.0556407412387
Estonia,EST,2008,YR2008,94.4113410565892
Estonia,EST,2009,YR2009,94.7713057788403
Estonia,EST,2010,YR2010,95.1354571337196
Estonia,EST,2011,YR2011,95.5039328797556
Estonia,EST,2012,YR2012,95.8873999502315
Estonia,EST,2013,YR2013,96.2819422848043
Estonia,EST,2014,YR2014,96.6754195825667
Estonia,EST,2015,YR2015,96.8460967451215
Estonia,EST,2016,YR2016,96.8779431530859
Estonia,EST,2017,YR2017,96.9100480586975
Estonia,EST,2018,YR2018,96.9427504837686
Estonia,EST,2019,YR2019,96.9760104522182
Estonia,EST,2020,YR2020,96.9983883839698
Estonia,EST,2021,YR2021,97.0086642641459
Estonia,EST,2022,YR2022,97.0193826204319
Estonia,EST,2023,YR2023,..
Estonia,EST,2024,YR2024,..
Eswatini,SWZ,2000,YR2000,..
Eswatini,SWZ,2001,YR2001,..
Eswatini,SWZ,2002,YR2002,..
Eswatini,SWZ,2003,YR2003,..
Eswatini,SWZ,2004,YR2004,..
Eswatini,SWZ,2005,YR2005,..
Eswatini,SWZ,2006,YR2006,..
Eswatini,SWZ,2007,YR2007,..
Eswatini,SWZ,2008,YR2008,..
Eswatini,SWZ,2009,YR2009,..
Eswatini,SWZ,2010,YR2010,..
Eswatini,SWZ,2011,YR2011,..
Eswatini,SWZ,2012,YR2012,..
Eswatini,SWZ,2013,YR2013,..
Eswatini,SWZ,2014,YR2014,..
Eswatini,SWZ,2015,YR2015,..
Eswatini,SWZ,2016,YR2016,..
Eswatini,SWZ,2017,YR2017,..
Eswatini,SWZ,2018,YR2018,..
Eswatini,SWZ,2019,YR2019,..
Eswatini,SWZ,2020,YR2020,..
Eswatini,SWZ,2021,YR2021,..
Eswatini,SWZ,2022,YR2022,..
Eswatini,SWZ,2023,YR2023,..
Eswatini,SWZ,2024,YR2024,..
Ethiopia,ETH,2000,YR2000,5.04384634705735
Ethiopia,ETH,2001,YR2001,5.42753511001309
Ethiopia,ETH,2002,YR2002,5.59343665797539
Ethiopia,ETH,2003,YR2003,5.77620148456472
Ethiopia,ETH,2004,YR2004,5.97607492793851
Ethiopia,ETH,2005,YR2005,6.19294653351699
Ethiopia,ETH,2006,YR2006,6.42705681233099
Ethiopia,ETH,2007,YR2007,6.68361693859164
Ethiopia,ETH,2008,YR2008,7.01883991216426
Ethiopia,ETH,2009,YR2009,7.37167631526554
Ethiopia,ETH,2010,YR2010,7.74293650405208
Ethiopia,ETH,2011,YR2011,8.13165334007904
Ethiopia,ETH,2012,YR2012,8.53826122202629
Ethiopia,ETH,2013,YR2013,8.95585542578493
Ethiopia,ETH,2014,YR2014,9.3904846134397
Ethiopia,ETH,2015,YR2015,9.84151478728926
Ethiopia,ETH,2016,YR2016,10.308997223031
Ethiopia,ETH,2017,YR2017,10.7919471087687
Ethiopia,ETH,2018,YR2018,11.2910758539614
Ethiopia,ETH,2019,YR2019,11.8060525680289
Ethiopia,ETH,2020,YR2020,12.3362032791012
Ethiopia,ETH,2021,YR2021,12.8815133315461
Ethiopia,ETH,2022,YR2022,13.2378982432178
Ethiopia,ETH,2023,YR2023,..
Ethiopia,ETH,2024,YR2024,..
Faroe Islands,FRO,2000,YR2000,..
Faroe Islands,FRO,2001,YR2001,..
Faroe Islands,FRO,2002,YR2002,..
Faroe Islands,FRO,2003,YR2003,..
Faroe Islands,FRO,2004,YR2004,..
Faroe Islands,FRO,2005,YR2005,..
Faroe Islands,FRO,2006,YR2006,..
Faroe Islands,FRO,2007,YR2007,..
Faroe Islands,FRO,2008,YR2008,..
Faroe Islands,FRO,2009,YR2009,..
Faroe Islands,FRO,2010,YR2010,..
Faroe Islands,FRO,2011,YR2011,..
Faroe Islands,FRO,2012,YR2012,..
Faroe Islands,FRO,2013,YR2013,..
Faroe Islands,FRO,2014,YR2014,..
Faroe Islands,FRO,2015,YR2015,..
Faroe Islands,FRO,2016,YR2016,..
Faroe Islands,FRO,2017,YR2017,..
Faroe Islands,FRO,2018,YR2018,..
Faroe Islands,FRO,2019,YR2019,..
Faroe Islands,FRO,2020,YR2020,..
Faroe Islands,FRO,2021,YR2021,..
Faroe Islands,FRO,2022,YR2022,..
Faroe Islands,FRO,2023,YR2023,..
Faroe Islands,FRO,2024,YR2024,..
Fiji,FJI,2000,YR2000,39.2330504255448
Fiji,FJI,2001,YR2001,39.3319456998852
Fiji,FJI,2002,YR2002,39.4308391558438
Fiji,FJI,2003,YR2003,39.5300196522239
Fiji,FJI,2004,YR2004,39.6295639552361
Fiji,FJI,2005,YR2005,39.7287160928022
Fiji,FJI,2006,YR2006,39.8282310201414
Fiji,FJI,2007,YR2007,39.9278597360305
Fiji,FJI,2008,YR2008,40.0519007038233
Fiji,FJI,2009,YR2009,40.1819068637414
Fiji,FJI,2010,YR2010,40.3123113567934
Fiji,FJI,2011,YR2011,40.4426108600218
Fiji,FJI,2012,YR2012,40.5733085775711
Fiji,FJI,2013,YR2013,40.7033924697537
Fiji,FJI,2014,YR2014,40.8336182750267
Fiji,FJI,2015,YR2015,40.9639928404746
Fiji,FJI,2016,YR2016,41.0942565572622
Fiji,FJI,2017,YR2017,41.2241587130226
Fiji,FJI,2018,YR2018,41.3539489881601
Fiji,FJI,2019,YR2019,41.4828637099124
Fiji,FJI,2020,YR2020,41.6106492222705
Fiji,FJI,2021,YR2021,41.737554806167
Fiji,FJI,2022,YR2022,41.8635812237094
Fiji,FJI,2023,YR2023,..
Fiji,FJI,2024,YR2024,..
Finland,FIN,2000,YR2000,93.8103303366407
Finland,FIN,2001,YR2001,94.2073961944107
Finland,FIN,2002,YR2002,94.604465834526
Finland,FIN,2003,YR2003,95.0015379075561
Finland,FIN,2004,YR2004,95.3986061396217
Finland,FIN,2005,YR2005,95.7956735304335
Finland,FIN,2006,YR2006,96.1927409186447
Finland,FIN,2007,YR2007,96.5898115697584
Finland,FIN,2008,YR2008,96.9868748291868
Finland,FIN,2009,YR2009,97.3839450694112
Finland,FIN,2010,YR2010,97.7810113640734
Finland,FIN,2011,YR2011,98.1780814693564
Finland,FIN,2012,YR2012,98.5751544267288
Finland,FIN,2013,YR2013,98.9722208481671
Finland,FIN,2014,YR2014,99.3692904700805
Finland,FIN,2015,YR2015,99.6306260454773
Finland,FIN,2016,YR2016,99.6318715787003
Finland,FIN,2017,YR2017,99.6331286573978
Finland,FIN,2018,YR2018,99.6345478282001
Finland,FIN,2019,YR2019,99.636151982144
Finland,FIN,2020,YR2020,99.6379253571289
Finland,FIN,2021,YR2021,99.6399023078221
Finland,FIN,2022,YR2022,99.6420270617799
Finland,FIN,2023,YR2023,..
Finland,FIN,2024,YR2024,..
France,FRA,2000,YR2000,97.3558772533212
France,FRA,2001,YR2001,97.3523580645984
France,FRA,2002,YR2002,97.3488709314317
France,FRA,2003,YR2003,97.345405522283
France,FRA,2004,YR2004,97.4661746635609
France,FRA,2005,YR2005,97.587793590855
France,FRA,2006,YR2006,97.7102118013341
France,FRA,2007,YR2007,97.8334488675103
France,FRA,2008,YR2008,97.9574577421407
France,FRA,2009,YR2009,98.0822571346641
France,FRA,2010,YR2010,98.2078497789465
France,FRA,2011,YR2011,98.3342615421015
France,FRA,2012,YR2012,98.4614905519153
France,FRA,2013,YR2013,98.5895541002839
France,FRA,2014,YR2014,98.7184468243982
France,FRA,2015,YR2015,98.8481980323575
France,FRA,2016,YR2016,98.9787900317185
France,FRA,2017,YR2017,99.1102477623347
France,FRA,2018,YR2018,99.2425569011291
France,FRA,2019,YR2019,99.3757379814726
France,FRA,2020,YR2020,99.5097812620216
France,FRA,2021,YR2021,99.6447064367189
France,FRA,2022,YR2022,99.7041454123987
France,FRA,2023,YR2023,..
France,FRA,2024,YR2024,..
French Polynesia,PYF,2000,YR2000,92.0288109457637
French Polynesia,PYF,2001,YR2001,92.0288487450762
French Polynesia,PYF,2002,YR2002,92.0288865443887
French Polynesia,PYF,2003,YR2003,92.0289243437012
French Polynesia,PYF,2004,YR2004,92.0289552704114
French Polynesia,PYF,2005,YR2005,92.0289552704114
French Polynesia,PYF,2006,YR2006,92.0289552704114
French Polynesia,PYF,2007,YR2007,92.0289552704114
French Polynesia,PYF,2008,YR2008,92.0289552704114
French Polynesia,PYF,2009,YR2009,92.0289552704114
French Polynesia,PYF,2010,YR2010,92.0289552704114
French Polynesia,PYF,2011,YR2011,91.1776472870622
French Polynesia,PYF,2012,YR2012,90.3263393037132
French Polynesia,PYF,2013,YR2013,89.4750313203642
French Polynesia,PYF,2014,YR2014,88.6237233370152
French Polynesia,PYF,2015,YR2015,87.7724153536662
French Polynesia,PYF,2016,YR2016,86.921107370317
French Polynesia,PYF,2017,YR2017,86.069799386968
French Polynesia,PYF,2018,YR2018,85.2184914036191
French Polynesia,PYF,2019,YR2019,84.3671834202701
French Polynesia,PYF,2020,YR2020,83.5158754369211
French Polynesia,PYF,2021,YR2021,82.6645674535719
French Polynesia,PYF,2022,YR2022,81.8132594702229
French Polynesia,PYF,2023,YR2023,..
French Polynesia,PYF,2024,YR2024,..
Gabon,GAB,2000,YR2000,..
Gabon,GAB,2001,YR2001,..
Gabon,GAB,2002,YR2002,..
Gabon,GAB,2003,YR2003,..
Gabon,GAB,2004,YR2004,..
Gabon,GAB,2005,YR2005,..
Gabon,GAB,2006,YR2006,..
Gabon,GAB,2007,YR2007,..
Gabon,GAB,2008,YR2008,..
Gabon,GAB,2009,YR2009,..
Gabon,GAB,2010,YR2010,..
Gabon,GAB,2011,YR2011,..
Gabon,GAB,2012,YR2012,..
Gabon,GAB,2013,YR2013,..
Gabon,GAB,2014,YR2014,..
Gabon,GAB,2015,YR2015,..
Gabon,GAB,2016,YR2016,..
Gabon,GAB,2017,YR2017,..
Gabon,GAB,2018,YR2018,..
Gabon,GAB,2019,YR2019,..
Gabon,GAB,2020,YR2020,..
Gabon,GAB,2021,YR2021,..
Gabon,GAB,2022,YR2022,..
Gabon,GAB,2023,YR2023,..
Gabon,GAB,2024,YR2024,..
"Gambia, The",GMB,2000,YR2000,21.7690000433547
"Gambia, The",GMB,2001,YR2001,23.0474977605269
"Gambia, The",GMB,2002,YR2002,24.3519061147622
"Gambia, The",GMB,2003,YR2003,25.6664553095829
"Gambia, The",GMB,2004,YR2004,26.9447554215463
"Gambia, The",GMB,2005,YR2005,28.2440609589333
"Gambia, The",GMB,2006,YR2006,29.5643185142197
"Gambia, The",GMB,2007,YR2007,30.9054783032266
"Gambia, The",GMB,2008,YR2008,32.2679711016765
"Gambia, The",GMB,2009,YR2009,33.6497942243256
"Gambia, The",GMB,2010,YR2010,35.0523189416312
"Gambia, The",GMB,2011,YR2011,36.4744494658778
"Gambia, The",GMB,2012,YR2012,37.9171350352303
"Gambia, The",GMB,2013,YR2013,39.3776137224443
"Gambia, The",GMB,2014,YR2014,40.8551139704884
"Gambia, The",GMB,2015,YR2015,42.3488125860354
"Gambia, The",GMB,2016,YR2016,43.8572751152197
"Gambia, The",GMB,2017,YR2017,44.6612555120907
"Gambia, The",GMB,2018,YR2018,45.2810635854788
"Gambia, The",GMB,2019,YR2019,45.8924116367701
"Gambia, The",GMB,2020,YR2020,46.4953029971304
"Gambia, The",GMB,2021,YR2021,47.0891870023943
"Gambia, The",GMB,2022,YR2022,47.6746525259498
"Gambia, The",GMB,2023,YR2023,..
"Gambia, The",GMB,2024,YR2024,..
Georgia,GEO,2000,YR2000,64.1165938183258
Georgia,GEO,2001,YR2001,64.0628318375825
Georgia,GEO,2002,YR2002,64.1471656879787
Georgia,GEO,2003,YR2003,64.3996928016804
Georgia,GEO,2004,YR2004,64.6512521141568
Georgia,GEO,2005,YR2005,64.9018435294351
Georgia,GEO,2006,YR2006,65.1519552300484
Georgia,GEO,2007,YR2007,65.4015856957258
Georgia,GEO,2008,YR2008,65.6502485922899
Georgia,GEO,2009,YR2009,65.8979507190938
Georgia,GEO,2010,YR2010,66.1451750818776
Georgia,GEO,2011,YR2011,66.391436517877
Georgia,GEO,2012,YR2012,66.6372193854258
Georgia,GEO,2013,YR2013,66.8815675062965
Georgia,GEO,2014,YR2014,67.1254394623702
Georgia,GEO,2015,YR2015,67.3683552883333
Georgia,GEO,2016,YR2016,67.6146181714504
Georgia,GEO,2017,YR2017,67.8627983217874
Georgia,GEO,2018,YR2018,68.1138148874751
Georgia,GEO,2019,YR2019,68.3671963594245
Georgia,GEO,2020,YR2020,68.6233933284084
Georgia,GEO,2021,YR2021,68.8814594095093
Georgia,GEO,2022,YR2022,69.1418510304816
Georgia,GEO,2023,YR2023,..
Georgia,GEO,2024,YR2024,..
Germany,DEU,2000,YR2000,99.8428993419985
Germany,DEU,2001,YR2001,99.8429019834058
Germany,DEU,2002,YR2002,99.8429031343674
Germany,DEU,2003,YR2003,99.8429083697779
Germany,DEU,2004,YR2004,99.8493488815184
Germany,DEU,2005,YR2005,99.8558293374314
Germany,DEU,2006,YR2006,99.8623389775668
Germany,DEU,2007,YR2007,99.8688815544332
Germany,DEU,2008,YR2008,99.8754566685522
Germany,DEU,2009,YR2009,99.8784502970369
Germany,DEU,2010,YR2010,99.8815299716736
Germany,DEU,2011,YR2011,99.8847042063294
Germany,DEU,2012,YR2012,99.8877153712737
Germany,DEU,2013,YR2013,99.8907299827412
Germany,DEU,2014,YR2014,99.8937530093415
Germany,DEU,2015,YR2015,99.8967748879838
Germany,DEU,2016,YR2016,99.8998405268407
Germany,DEU,2017,YR2017,99.9029467901847
Germany,DEU,2018,YR2018,99.9061155783909
Germany,DEU,2019,YR2019,99.9093444594773
Germany,DEU,2020,YR2020,99.9126502107578
Germany,DEU,2021,YR2021,99.9160427536765
Germany,DEU,2022,YR2022,99.9164119020981
Germany,DEU,2023,YR2023,..
Germany,DEU,2024,YR2024,..
Ghana,GHA,2000,YR2000,12.096287575298
Ghana,GHA,2001,YR2001,12.3397955264734
Ghana,GHA,2002,YR2002,13.2755197352788
Ghana,GHA,2003,YR2003,14.4110078429247
Ghana,GHA,2004,YR2004,15.8079014306574
Ghana,GHA,2005,YR2005,17.2366792678794
Ghana,GHA,2006,YR2006,18.6981146399445
Ghana,GHA,2007,YR2007,20.1917142121044
Ghana,GHA,2008,YR2008,21.717301839292
Ghana,GHA,2009,YR2009,23.2736204562457
Ghana,GHA,2010,YR2010,24.8618900303009
Ghana,GHA,2011,YR2011,26.4808225863626
Ghana,GHA,2012,YR2012,28.1298113056641
Ghana,GHA,2013,YR2013,29.8078021998615
Ghana,GHA,2014,YR2014,31.5144995436995
Ghana,GHA,2015,YR2015,33.2496000669836
Ghana,GHA,2016,YR2016,35.0128106440634
Ghana,GHA,2017,YR2017,36.8034045826681
Ghana,GHA,2018,YR2018,38.6210681678007
Ghana,GHA,2019,YR2019,40.4650486152887
Ghana,GHA,2020,YR2020,42.3354561621678
Ghana,GHA,2021,YR2021,43.5980575224176
Ghana,GHA,2022,YR2022,44.4680831984093
Ghana,GHA,2023,YR2023,..
Ghana,GHA,2024,YR2024,..
Gibraltar,GIB,2000,YR2000,100
Gibraltar,GIB,2001,YR2001,100
Gibraltar,GIB,2002,YR2002,100
Gibraltar,GIB,2003,YR2003,100
Gibraltar,GIB,2004,YR2004,100
Gibraltar,GIB,2005,YR2005,100
Gibraltar,GIB,2006,YR2006,100
Gibraltar,GIB,2007,YR2007,100
Gibraltar,GIB,2008,YR2008,100
Gibraltar,GIB,2009,YR2009,100
Gibraltar,GIB,2010,YR2010,100
Gibraltar,GIB,2011,YR2011,100
Gibraltar,GIB,2012,YR2012,100
Gibraltar,GIB,2013,YR2013,100
Gibraltar,GIB,2014,YR2014,100
Gibraltar,GIB,2015,YR2015,100
Gibraltar,GIB,2016,YR2016,100
Gibraltar,GIB,2017,YR2017,100
Gibraltar,GIB,2018,YR2018,100
Gibraltar,GIB,2019,YR2019,100
Gibraltar,GIB,2020,YR2020,100
Gibraltar,GIB,2021,YR2021,100
Gibraltar,GIB,2022,YR2022,100
Gibraltar,GIB,2023,YR2023,..
Gibraltar,GIB,2024,YR2024,..
Greece,GRC,2000,YR2000,99.152389505601
Greece,GRC,2001,YR2001,99.2181222866029
Greece,GRC,2002,YR2002,99.2873597690885
Greece,GRC,2003,YR2003,99.3551462788489
Greece,GRC,2004,YR2004,99.4215338059156
Greece,GRC,2005,YR2005,99.4864855343004
Greece,GRC,2006,YR2006,99.4733442014323
Greece,GRC,2007,YR2007,99.4451665791768
Greece,GRC,2008,YR2008,99.4164459179697
Greece,GRC,2009,YR2009,99.3872079751573
Greece,GRC,2010,YR2010,99.3574498936831
Greece,GRC,2011,YR2011,99.3271996734591
Greece,GRC,2012,YR2012,99.296445502863
Greece,GRC,2013,YR2013,99.2651966719626
Greece,GRC,2014,YR2014,99.2334710112973
Greece,GRC,2015,YR2015,99.184433819502
Greece,GRC,2016,YR2016,99.133636394478
Greece,GRC,2017,YR2017,99.082832279752
Greece,GRC,2018,YR2018,99.0320361272461
Greece,GRC,2019,YR2019,98.9812373437398
Greece,GRC,2020,YR2020,98.9304415860007
Greece,GRC,2021,YR2021,98.8796370735112
Greece,GRC,2022,YR2022,98.879641286099
Greece,GRC,2023,YR2023,..
Greece,GRC,2024,YR2024,..
Greenland,GRL,2000,YR2000,..
Greenland,GRL,2001,YR2001,..
Greenland,GRL,2002,YR2002,..
Greenland,GRL,2003,YR2003,..
Greenland,GRL,2004,YR2004,..
Greenland,GRL,2005,YR2005,..
Greenland,GRL,2006,YR2006,..
Greenland,GRL,2007,YR2007,..
Greenland,GRL,2008,YR2008,..
Greenland,GRL,2009,YR2009,..
Greenland,GRL,2010,YR2010,..
Greenland,GRL,2011,YR2011,..
Greenland,GRL,2012,YR2012,..
Greenland,GRL,2013,YR2013,..
Greenland,GRL,2014,YR2014,..
Greenland,GRL,2015,YR2015,..
Greenland,GRL,2016,YR2016,..
Greenland,GRL,2017,YR2017,..
Greenland,GRL,2018,YR2018,..
Greenland,GRL,2019,YR2019,..
Greenland,GRL,2020,YR2020,..
Greenland,GRL,2021,YR2021,..
Greenland,GRL,2022,YR2022,..
Greenland,GRL,2023,YR2023,..
Greenland,GRL,2024,YR2024,..
Grenada,GRD,2000,YR2000,78.7187250849416
Grenada,GRD,2001,YR2001,79.6100248763914
Grenada,GRD,2002,YR2002,80.5047783886163
Grenada,GRD,2003,YR2003,81.4029856216164
Grenada,GRD,2004,YR2004,82.3046465753912
Grenada,GRD,2005,YR2005,83.2097612499412
Grenada,GRD,2006,YR2006,84.118329645266
Grenada,GRD,2007,YR2007,85.0303517613659
Grenada,GRD,2008,YR2008,85.9409316911414
Grenada,GRD,2009,YR2009,86.8396064388542
Grenada,GRD,2010,YR2010,87.7416363162664
Grenada,GRD,2011,YR2011,88.6470213233783
Grenada,GRD,2012,YR2012,89.4401735145831
Grenada,GRD,2013,YR2013,89.8113017976918
Grenada,GRD,2014,YR2014,89.9176799999318
Grenada,GRD,2015,YR2015,89.9176799999318
Grenada,GRD,2016,YR2016,89.9176799999318
Grenada,GRD,2017,YR2017,89.9176799999318
Grenada,GRD,2018,YR2018,..
Grenada,GRD,2019,YR2019,..
Grenada,GRD,2020,YR2020,..
Grenada,GRD,2021,YR2021,..
Grenada,GRD,2022,YR2022,..
Grenada,GRD,2023,YR2023,..
Grenada,GRD,2024,YR2024,..
Guam,GUM,2000,YR2000,98.7664731932
Guam,GUM,2001,YR2001,98.7909164048756
Guam,GUM,2002,YR2002,98.8153596165512
Guam,GUM,2003,YR2003,98.8398028282268
Guam,GUM,2004,YR2004,98.8642460399023
Guam,GUM,2005,YR2005,98.8886892515779
Guam,GUM,2006,YR2006,98.9131324632535
Guam,GUM,2007,YR2007,98.9375756749291
Guam,GUM,2008,YR2008,98.9620188866047
Guam,GUM,2009,YR2009,98.9864620982802
Guam,GUM,2010,YR2010,99.0109053099558
Guam,GUM,2011,YR2011,99.0353485216314
Guam,GUM,2012,YR2012,99.059791733307
Guam,GUM,2013,YR2013,99.059791733307
Guam,GUM,2014,YR2014,99.059791733307
Guam,GUM,2015,YR2015,99.059791733307
Guam,GUM,2016,YR2016,99.059791733307
Guam,GUM,2017,YR2017,99.059791733307
Guam,GUM,2018,YR2018,99.059791733307
Guam,GUM,2019,YR2019,99.059791733307
Guam,GUM,2020,YR2020,99.059791733307
Guam,GUM,2021,YR2021,99.059791733307
Guam,GUM,2022,YR2022,99.059791733307
Guam,GUM,2023,YR2023,..
Guam,GUM,2024,YR2024,..
Guatemala,GTM,2000,YR2000,46.818888047931
Guatemala,GTM,2001,YR2001,47.299018553813
Guatemala,GTM,2002,YR2002,47.7818078621464
Guatemala,GTM,2003,YR2003,48.2630371151062
Guatemala,GTM,2004,YR2004,48.7440617625004
Guatemala,GTM,2005,YR2005,49.2272204017825
Guatemala,GTM,2006,YR2006,49.7126929118513
Guatemala,GTM,2007,YR2007,50.2006751579081
Guatemala,GTM,2008,YR2008,50.6911834745367
Guatemala,GTM,2009,YR2009,51.1836759735771
Guatemala,GTM,2010,YR2010,51.6789081490162
Guatemala,GTM,2011,YR2011,52.1763282127129
Guatemala,GTM,2012,YR2012,52.6763315477089
Guatemala,GTM,2013,YR2013,53.1811310229224
Guatemala,GTM,2014,YR2014,53.6908483380312
Guatemala,GTM,2015,YR2015,54.2060127438135
Guatemala,GTM,2016,YR2016,54.726141165585
Guatemala,GTM,2017,YR2017,54.9853884139034
Guatemala,GTM,2018,YR2018,55.2457121794635
Guatemala,GTM,2019,YR2019,55.5066161730874
Guatemala,GTM,2020,YR2020,55.7682368601755
Guatemala,GTM,2021,YR2021,56.0304935486291
Guatemala,GTM,2022,YR2022,56.293305047255
Guatemala,GTM,2023,YR2023,..
Guatemala,GTM,2024,YR2024,..
Guinea,GIN,2000,YR2000,..
Guinea,GIN,2001,YR2001,..
Guinea,GIN,2002,YR2002,..
Guinea,GIN,2003,YR2003,..
Guinea,GIN,2004,YR2004,..
Guinea,GIN,2005,YR2005,..
Guinea,GIN,2006,YR2006,..
Guinea,GIN,2007,YR2007,..
Guinea,GIN,2008,YR2008,..
Guinea,GIN,2009,YR2009,..
Guinea,GIN,2010,YR2010,..
Guinea,GIN,2011,YR2011,..
Guinea,GIN,2012,YR2012,..
Guinea,GIN,2013,YR2013,..
Guinea,GIN,2014,YR2014,..
Guinea,GIN,2015,YR2015,..
Guinea,GIN,2016,YR2016,..
Guinea,GIN,2017,YR2017,..
Guinea,GIN,2018,YR2018,..
Guinea,GIN,2019,YR2019,..
Guinea,GIN,2020,YR2020,..
Guinea,GIN,2021,YR2021,..
Guinea,GIN,2022,YR2022,..
Guinea,GIN,2023,YR2023,..
Guinea,GIN,2024,YR2024,..
Guinea-Bissau,GNB,2000,YR2000,17.7746548773826
Guinea-Bissau,GNB,2001,YR2001,18.0717739021835
Guinea-Bissau,GNB,2002,YR2002,18.3696591968195
Guinea-Bissau,GNB,2003,YR2003,18.6673489023335
Guinea-Bissau,GNB,2004,YR2004,18.9649753817784
Guinea-Bissau,GNB,2005,YR2005,19.261614697307
Guinea-Bissau,GNB,2006,YR2006,19.5580767742152
Guinea-Bissau,GNB,2007,YR2007,19.853440084707
Guinea-Bissau,GNB,2008,YR2008,20.1478049028966
Guinea-Bissau,GNB,2009,YR2009,20.4402913687678
Guinea-Bissau,GNB,2010,YR2010,20.731942283858
Guinea-Bissau,GNB,2011,YR2011,21.0218553459127
Guinea-Bissau,GNB,2012,YR2012,21.3100808491234
Guinea-Bissau,GNB,2013,YR2013,21.5960541502346
Guinea-Bissau,GNB,2014,YR2014,21.8797984276954
Guinea-Bissau,GNB,2015,YR2015,22.1610386387436
Guinea-Bissau,GNB,2016,YR2016,22.4392222957992
Guinea-Bissau,GNB,2017,YR2017,22.7140842562389
Guinea-Bissau,GNB,2018,YR2018,22.9856159322566
Guinea-Bissau,GNB,2019,YR2019,23.2532774759566
Guinea-Bissau,GNB,2020,YR2020,23.5168018782756
Guinea-Bissau,GNB,2021,YR2021,23.7759180103831
Guinea-Bissau,GNB,2022,YR2022,23.871601843252
Guinea-Bissau,GNB,2023,YR2023,..
Guinea-Bissau,GNB,2024,YR2024,..
Guyana,GUY,2000,YR2000,..
Guyana,GUY,2001,YR2001,..
Guyana,GUY,2002,YR2002,..
Guyana,GUY,2003,YR2003,..
Guyana,GUY,2004,YR2004,..
Guyana,GUY,2005,YR2005,..
Guyana,GUY,2006,YR2006,..
Guyana,GUY,2007,YR2007,..
Guyana,GUY,2008,YR2008,..
Guyana,GUY,2009,YR2009,..
Guyana,GUY,2010,YR2010,..
Guyana,GUY,2011,YR2011,..
Guyana,GUY,2012,YR2012,..
Guyana,GUY,2013,YR2013,..
Guyana,GUY,2014,YR2014,..
Guyana,GUY,2015,YR2015,..
Guyana,GUY,2016,YR2016,..
Guyana,GUY,2017,YR2017,..
Guyana,GUY,2018,YR2018,..
Guyana,GUY,2019,YR2019,..
Guyana,GUY,2020,YR2020,..
Guyana,GUY,2021,YR2021,..
Guyana,GUY,2022,YR2022,..
Guyana,GUY,2023,YR2023,..
Guyana,GUY,2024,YR2024,..
Haiti,HTI,2000,YR2000,..
Haiti,HTI,2001,YR2001,..
Haiti,HTI,2002,YR2002,..
Haiti,HTI,2003,YR2003,..
Haiti,HTI,2004,YR2004,..
Haiti,HTI,2005,YR2005,..
Haiti,HTI,2006,YR2006,..
Haiti,HTI,2007,YR2007,..
Haiti,HTI,2008,YR2008,..
Haiti,HTI,2009,YR2009,..
Haiti,HTI,2010,YR2010,..
Haiti,HTI,2011,YR2011,..
Haiti,HTI,2012,YR2012,..
Haiti,HTI,2013,YR2013,..
Haiti,HTI,2014,YR2014,..
Haiti,HTI,2015,YR2015,..
Haiti,HTI,2016,YR2016,..
Haiti,HTI,2017,YR2017,..
Haiti,HTI,2018,YR2018,..
Haiti,HTI,2019,YR2019,..
Haiti,HTI,2020,YR2020,..
Haiti,HTI,2021,YR2021,..
Haiti,HTI,2022,YR2022,..
Haiti,HTI,2023,YR2023,..
Haiti,HTI,2024,YR2024,..
Honduras,HND,2000,YR2000,41.6014174635753
Honduras,HND,2001,YR2001,41.8710664388378
Honduras,HND,2002,YR2002,42.1483877054484
Honduras,HND,2003,YR2003,43.5207449297522
Honduras,HND,2004,YR2004,44.9249624132859
Honduras,HND,2005,YR2005,46.3607320531449
Honduras,HND,2006,YR2006,47.8287335979325
Honduras,HND,2007,YR2007,49.3289196788063
Honduras,HND,2008,YR2008,50.8616720104067
Honduras,HND,2009,YR2009,52.426570350687
Honduras,HND,2010,YR2010,54.0243982771408
Honduras,HND,2011,YR2011,55.6546102399568
Honduras,HND,2012,YR2012,57.318109831384
Honduras,HND,2013,YR2013,59.0139222914966
Honduras,HND,2014,YR2014,60.7430100788569
Honduras,HND,2015,YR2015,62.1379500638321
Honduras,HND,2016,YR2016,62.5968367169324
Honduras,HND,2017,YR2017,63.051790692444
Honduras,HND,2018,YR2018,63.5024966259911
Honduras,HND,2019,YR2019,63.9489861285838
Honduras,HND,2020,YR2020,64.3912947937654
Honduras,HND,2021,YR2021,64.8291143725887
Honduras,HND,2022,YR2022,65.2067969400954
Honduras,HND,2023,YR2023,..
Honduras,HND,2024,YR2024,..
"Hong Kong SAR, China",HKG,2000,YR2000,98.1242792190761
"Hong Kong SAR, China",HKG,2001,YR2001,98.2478356334036
"Hong Kong SAR, China",HKG,2002,YR2002,98.3714603893731
"Hong Kong SAR, China",HKG,2003,YR2003,98.4951534869846
"Hong Kong SAR, China",HKG,2004,YR2004,98.6189149262382
"Hong Kong SAR, China",HKG,2005,YR2005,98.7427447071337
"Hong Kong SAR, China",HKG,2006,YR2006,98.8666428296713
"Hong Kong SAR, China",HKG,2007,YR2007,98.9906092938509
"Hong Kong SAR, China",HKG,2008,YR2008,99.1146440996726
"Hong Kong SAR, China",HKG,2009,YR2009,99.2387472471363
"Hong Kong SAR, China",HKG,2010,YR2010,99.362918736242
"Hong Kong SAR, China",HKG,2011,YR2011,99.4871585669897
"Hong Kong SAR, China",HKG,2012,YR2012,99.6114667393795
"Hong Kong SAR, China",HKG,2013,YR2013,99.7358432534113
"Hong Kong SAR, China",HKG,2014,YR2014,99.8602881090851
"Hong Kong SAR, China",HKG,2015,YR2015,99.9840176497027
"Hong Kong SAR, China",HKG,2016,YR2016,100
"Hong Kong SAR, China",HKG,2017,YR2017,100
"Hong Kong SAR, China",HKG,2018,YR2018,100
"Hong Kong SAR, China",HKG,2019,YR2019,100
"Hong Kong SAR, China",HKG,2020,YR2020,100
"Hong Kong SAR, China",HKG,2021,YR2021,100
"Hong Kong SAR, China",HKG,2022,YR2022,100
"Hong Kong SAR, China",HKG,2023,YR2023,..
"Hong Kong SAR, China",HKG,2024,YR2024,..
Hungary,HUN,2000,YR2000,86.6312500738054
Hungary,HUN,2001,YR2001,86.6395715682816
Hungary,HUN,2002,YR2002,86.6755637751858
Hungary,HUN,2003,YR2003,86.7113006300625
Hungary,HUN,2004,YR2004,86.7469457675827
Hungary,HUN,2005,YR2005,86.7880189539867
Hungary,HUN,2006,YR2006,86.8344360656067
Hungary,HUN,2007,YR2007,86.8805068866983
Hungary,HUN,2008,YR2008,86.9262229920522
Hungary,HUN,2009,YR2009,86.9715008944623
Hungary,HUN,2010,YR2010,87.0110028688324
Hungary,HUN,2011,YR2011,87.0501508919041
Hungary,HUN,2012,YR2012,87.0781782927788
Hungary,HUN,2013,YR2013,88.5990544332302
Hungary,HUN,2014,YR2014,90.1140246823355
Hungary,HUN,2015,YR2015,91.6231144609795
Hungary,HUN,2016,YR2016,93.1266726008545
Hungary,HUN,2017,YR2017,94.6244414524352
Hungary,HUN,2018,YR2018,96.1433838528522
Hungary,HUN,2019,YR2019,97.629550657545
Hungary,HUN,2020,YR2020,99.1094817093039
Hungary,HUN,2021,YR2021,99.9999988534441
Hungary,HUN,2022,YR2022,100
Hungary,HUN,2023,YR2023,..
Hungary,HUN,2024,YR2024,..
Iceland,ISL,2000,YR2000,90.1556092625198
Iceland,ISL,2001,YR2001,90.6908040858173
Iceland,ISL,2002,YR2002,91.226001471291
Iceland,ISL,2003,YR2003,91.7611960855486
Iceland,ISL,2004,YR2004,92.2963946791006
Iceland,ISL,2005,YR2005,92.831592601592
Iceland,ISL,2006,YR2006,93.3667920076914
Iceland,ISL,2007,YR2007,93.9019891963135
Iceland,ISL,2008,YR2008,94.4371814309768
Iceland,ISL,2009,YR2009,94.9723832144567
Iceland,ISL,2010,YR2010,95.5075787474431
Iceland,ISL,2011,YR2011,96.0427759961928
Iceland,ISL,2012,YR2012,96.5779714701861
Iceland,ISL,2013,YR2013,97.1131695835632
Iceland,ISL,2014,YR2014,97.648368479668
Iceland,ISL,2015,YR2015,98.1835638232079
Iceland,ISL,2016,YR2016,98.7187606903306
Iceland,ISL,2017,YR2017,99.2539561704075
Iceland,ISL,2018,YR2018,99.7891571990953
Iceland,ISL,2019,YR2019,99.9999984604769
Iceland,ISL,2020,YR2020,100
Iceland,ISL,2021,YR2021,100
Iceland,ISL,2022,YR2022,100
Iceland,ISL,2023,YR2023,..
Iceland,ISL,2024,YR2024,..
India,IND,2000,YR2000,..
India,IND,2001,YR2001,..
India,IND,2002,YR2002,..
India,IND,2003,YR2003,..
India,IND,2004,YR2004,..
India,IND,2005,YR2005,..
India,IND,2006,YR2006,..
India,IND,2007,YR2007,..
India,IND,2008,YR2008,..
India,IND,2009,YR2009,..
India,IND,2010,YR2010,..
India,IND,2011,YR2011,..
India,IND,2012,YR2012,..
India,IND,2013,YR2013,..
India,IND,2014,YR2014,..
India,IND,2015,YR2015,..
India,IND,2016,YR2016,..
India,IND,2017,YR2017,..
India,IND,2018,YR2018,..
India,IND,2019,YR2019,..
India,IND,2020,YR2020,..
India,IND,2021,YR2021,..
India,IND,2022,YR2022,..
India,IND,2023,YR2023,..
India,IND,2024,YR2024,..
Indonesia,IDN,2000,YR2000,23.5418444315928
Indonesia,IDN,2001,YR2001,23.8774394930567
Indonesia,IDN,2002,YR2002,24.2112761835265
Indonesia,IDN,2003,YR2003,24.5432062399174
Indonesia,IDN,2004,YR2004,24.8734759966767
Indonesia,IDN,2005,YR2005,25.2014182810079
Indonesia,IDN,2006,YR2006,25.5274177283386
Indonesia,IDN,2007,YR2007,25.8512091835091
Indonesia,IDN,2008,YR2008,26.1730364870992
Indonesia,IDN,2009,YR2009,26.4923942303162
Indonesia,IDN,2010,YR2010,26.8071029221378
Indonesia,IDN,2011,YR2011,27.1076557389763
Indonesia,IDN,2012,YR2012,27.4062128481355
Indonesia,IDN,2013,YR2013,27.7025394921243
Indonesia,IDN,2014,YR2014,27.9969893991559
Indonesia,IDN,2015,YR2015,28.2892166903199
Indonesia,IDN,2016,YR2016,28.5792308144962
Indonesia,IDN,2017,YR2017,28.8665952005925
Indonesia,IDN,2018,YR2018,29.1515575689813
Indonesia,IDN,2019,YR2019,29.4339167394203
Indonesia,IDN,2020,YR2020,29.71391557951
Indonesia,IDN,2021,YR2021,29.9912524411215
Indonesia,IDN,2022,YR2022,30.2661667151466
Indonesia,IDN,2023,YR2023,..
Indonesia,IDN,2024,YR2024,..
"Iran, Islamic Rep.",IRN,2000,YR2000,90.3409728053685
"Iran, Islamic Rep.",IRN,2001,YR2001,90.5700791978803
"Iran, Islamic Rep.",IRN,2002,YR2002,90.7944258612984
"Iran, Islamic Rep.",IRN,2003,YR2003,91.0140556914604
"Iran, Islamic Rep.",IRN,2004,YR2004,91.2288949406054
"Iran, Islamic Rep.",IRN,2005,YR2005,91.4388584180646
"Iran, Islamic Rep.",IRN,2006,YR2006,91.6440213085547
"Iran, Islamic Rep.",IRN,2007,YR2007,91.8383878282547
"Iran, Islamic Rep.",IRN,2008,YR2008,92.0255056425631
"Iran, Islamic Rep.",IRN,2009,YR2009,92.2085214862857
"Iran, Islamic Rep.",IRN,2010,YR2010,92.3876172743286
"Iran, Islamic Rep.",IRN,2011,YR2011,92.5627256659724
"Iran, Islamic Rep.",IRN,2012,YR2012,92.7325546935934
"Iran, Islamic Rep.",IRN,2013,YR2013,92.8976900393932
"Iran, Islamic Rep.",IRN,2014,YR2014,93.0593381428571
"Iran, Islamic Rep.",IRN,2015,YR2015,93.2173296314919
"Iran, Islamic Rep.",IRN,2016,YR2016,93.3718128853209
"Iran, Islamic Rep.",IRN,2017,YR2017,93.5226557756244
"Iran, Islamic Rep.",IRN,2018,YR2018,93.6697139681182
"Iran, Islamic Rep.",IRN,2019,YR2019,93.8129901243056
"Iran, Islamic Rep.",IRN,2020,YR2020,93.9526610413941
"Iran, Islamic Rep.",IRN,2021,YR2021,94.0886327672632
"Iran, Islamic Rep.",IRN,2022,YR2022,94.2212514688695
"Iran, Islamic Rep.",IRN,2023,YR2023,..
"Iran, Islamic Rep.",IRN,2024,YR2024,..
Iraq,IRQ,2000,YR2000,50.2409378584154
Iraq,IRQ,2001,YR2001,50.717648289083
Iraq,IRQ,2002,YR2002,51.1934997811071
Iraq,IRQ,2003,YR2003,51.6684969308761
Iraq,IRQ,2004,YR2004,52.1426404599714
Iraq,IRQ,2005,YR2005,52.6159214523633
Iraq,IRQ,2006,YR2006,53.0880696476524
Iraq,IRQ,2007,YR2007,53.5596517869386
Iraq,IRQ,2008,YR2008,54.0303730241513
Iraq,IRQ,2009,YR2009,54.499984017286
Iraq,IRQ,2010,YR2010,54.9861404491401
Iraq,IRQ,2011,YR2011,55.4804483542161
Iraq,IRQ,2012,YR2012,55.9719083510847
Iraq,IRQ,2013,YR2013,56.4605406040938
Iraq,IRQ,2014,YR2014,56.9465882183523
Iraq,IRQ,2015,YR2015,57.430048901793
Iraq,IRQ,2016,YR2016,57.9129338369524
Iraq,IRQ,2017,YR2017,58.395195614799
Iraq,IRQ,2018,YR2018,58.8765721620356
Iraq,IRQ,2019,YR2019,59.3566308331083
Iraq,IRQ,2020,YR2020,59.6644621474606
Iraq,IRQ,2021,YR2021,59.7027824239907
Iraq,IRQ,2022,YR2022,59.7426312653863
Iraq,IRQ,2023,YR2023,..
Iraq,IRQ,2024,YR2024,..
Ireland,IRL,2000,YR2000,64.4293757984351
Ireland,IRL,2001,YR2001,64.5359392655581
Ireland,IRL,2002,YR2002,64.6460388612419
Ireland,IRL,2003,YR2003,64.7727310014488
Ireland,IRL,2004,YR2004,64.8996303809119
Ireland,IRL,2005,YR2005,69.5667185221325
Ireland,IRL,2006,YR2006,74.1724102550088
Ireland,IRL,2007,YR2007,78.7041283461291
Ireland,IRL,2008,YR2008,83.194532272374
Ireland,IRL,2009,YR2009,87.6441059033948
Ireland,IRL,2010,YR2010,92.0527811566249
Ireland,IRL,2011,YR2011,94.9311985490192
Ireland,IRL,2012,YR2012,95.0211573137157
Ireland,IRL,2013,YR2013,95.110637383493
Ireland,IRL,2014,YR2014,95.1996251485082
Ireland,IRL,2015,YR2015,95.2881323505275
Ireland,IRL,2016,YR2016,95.3761376769229
Ireland,IRL,2017,YR2017,95.4634729455313
Ireland,IRL,2018,YR2018,95.5500823112871
Ireland,IRL,2019,YR2019,95.7019191120114
Ireland,IRL,2020,YR2020,95.8535366790098
Ireland,IRL,2021,YR2021,95.9958314677729
Ireland,IRL,2022,YR2022,95.9914050398065
Ireland,IRL,2023,YR2023,..
Ireland,IRL,2024,YR2024,..
Isle of Man,IMN,2000,YR2000,..
Isle of Man,IMN,2001,YR2001,..
Isle of Man,IMN,2002,YR2002,..
Isle of Man,IMN,2003,YR2003,..
Isle of Man,IMN,2004,YR2004,..
Isle of Man,IMN,2005,YR2005,..
Isle of Man,IMN,2006,YR2006,..
Isle of Man,IMN,2007,YR2007,..
Isle of Man,IMN,2008,YR2008,..
Isle of Man,IMN,2009,YR2009,96.6672319093368
Isle of Man,IMN,2010,YR2010,96.6672319093368
Isle of Man,IMN,2011,YR2011,96.6672319093368
Isle of Man,IMN,2012,YR2012,96.6672319093368
Isle of Man,IMN,2013,YR2013,96.6672319093368
Isle of Man,IMN,2014,YR2014,97.0030652101286
Isle of Man,IMN,2015,YR2015,97.3394568379347
Isle of Man,IMN,2016,YR2016,97.676406792755
Isle of Man,IMN,2017,YR2017,98.0139150745895
Isle of Man,IMN,2018,YR2018,98.3519816834383
Isle of Man,IMN,2019,YR2019,98.6906066193012
Isle of Man,IMN,2020,YR2020,99.0297898821784
Isle of Man,IMN,2021,YR2021,99.3695314720699
Isle of Man,IMN,2022,YR2022,99.7098313889755
Isle of Man,IMN,2023,YR2023,..
Isle of Man,IMN,2024,YR2024,..
Israel,ISR,2000,YR2000,99.7719862797139
Israel,ISR,2001,YR2001,99.7721384052142
Israel,ISR,2002,YR2002,99.7578755815316
Israel,ISR,2003,YR2003,99.7436136601
Israel,ISR,2004,YR2004,99.7293409599558
Israel,ISR,2005,YR2005,99.7150551575316
Israel,ISR,2006,YR2006,99.700759497054
Israel,ISR,2007,YR2007,99.6864568076892
Israel,ISR,2008,YR2008,99.6721489185848
Israel,ISR,2009,YR2009,99.6578268255909
Israel,ISR,2010,YR2010,99.6435066356871
Israel,ISR,2011,YR2011,99.629179230347
Israel,ISR,2012,YR2012,99.6148437645277
Israel,ISR,2013,YR2013,99.6005098506501
Israel,ISR,2014,YR2014,99.5861630298805
Israel,ISR,2015,YR2015,99.5718160178962
Israel,ISR,2016,YR2016,99.5574611966728
Israel,ISR,2017,YR2017,99.5430975387491
Israel,ISR,2018,YR2018,99.5287233319724
Israel,ISR,2019,YR2019,99.514342744026
Israel,ISR,2020,YR2020,99.4999577281581
Israel,ISR,2021,YR2021,99.4855644194297
Israel,ISR,2022,YR2022,99.4711560405675
Israel,ISR,2023,YR2023,..
Israel,ISR,2024,YR2024,..
Italy,ITA,2000,YR2000,94.7683796202225
Italy,ITA,2001,YR2001,94.9871086639703
Italy,ITA,2002,YR2002,95.2059380209067
Italy,ITA,2003,YR2003,95.4248676910317
Italy,ITA,2004,YR2004,95.6438976743453
Italy,ITA,2005,YR2005,95.8630279708476
Italy,ITA,2006,YR2006,96.0822585805384
Italy,ITA,2007,YR2007,96.1322701252521
Italy,ITA,2008,YR2008,95.9006501641705
Italy,ITA,2009,YR2009,95.6688980344011
Italy,ITA,2010,YR2010,95.4370137359438
Italy,ITA,2011,YR2011,95.2049972687988
Italy,ITA,2012,YR2012,94.9728486329659
Italy,ITA,2013,YR2013,94.7405678284453
Italy,ITA,2014,YR2014,94.5081548552369
Italy,ITA,2015,YR2015,94.2513552415989
Italy,ITA,2016,YR2016,93.9945556279608
Italy,ITA,2017,YR2017,93.7377560143227
Italy,ITA,2018,YR2018,93.4809564006846
Italy,ITA,2019,YR2019,93.2241567870465
Italy,ITA,2020,YR2020,92.9673571734084
Italy,ITA,2021,YR2021,92.7105575597704
Italy,ITA,2022,YR2022,92.7105575597704
Italy,ITA,2023,YR2023,..
Italy,ITA,2024,YR2024,..
Jamaica,JAM,2000,YR2000,..
Jamaica,JAM,2001,YR2001,..
Jamaica,JAM,2002,YR2002,..
Jamaica,JAM,2003,YR2003,..
Jamaica,JAM,2004,YR2004,..
Jamaica,JAM,2005,YR2005,..
Jamaica,JAM,2006,YR2006,..
Jamaica,JAM,2007,YR2007,..
Jamaica,JAM,2008,YR2008,..
Jamaica,JAM,2009,YR2009,..
Jamaica,JAM,2010,YR2010,..
Jamaica,JAM,2011,YR2011,..
Jamaica,JAM,2012,YR2012,..
Jamaica,JAM,2013,YR2013,..
Jamaica,JAM,2014,YR2014,..
Jamaica,JAM,2015,YR2015,..
Jamaica,JAM,2016,YR2016,..
Jamaica,JAM,2017,YR2017,..
Jamaica,JAM,2018,YR2018,..
Jamaica,JAM,2019,YR2019,..
Jamaica,JAM,2020,YR2020,..
Jamaica,JAM,2021,YR2021,..
Jamaica,JAM,2022,YR2022,..
Jamaica,JAM,2023,YR2023,..
Jamaica,JAM,2024,YR2024,..
Japan,JPN,2000,YR2000,97.8542425565956
Japan,JPN,2001,YR2001,97.8542425565956
Japan,JPN,2002,YR2002,97.8542425565956
Japan,JPN,2003,YR2003,97.8542425565956
Japan,JPN,2004,YR2004,97.8542425565956
Japan,JPN,2005,YR2005,97.9014926396703
Japan,JPN,2006,YR2006,97.9487504891578
Japan,JPN,2007,YR2007,97.9960161050579
Japan,JPN,2008,YR2008,98.0432894873708
Japan,JPN,2009,YR2009,98.0905706360964
Japan,JPN,2010,YR2010,98.1378595512346
Japan,JPN,2011,YR2011,98.1851562327856
Japan,JPN,2012,YR2012,98.2324606807493
Japan,JPN,2013,YR2013,98.2797728951257
Japan,JPN,2014,YR2014,98.3270928759148
Japan,JPN,2015,YR2015,98.3744206231166
Japan,JPN,2016,YR2016,98.4217561367312
Japan,JPN,2017,YR2017,98.4690994167584
Japan,JPN,2018,YR2018,98.5164504631983
Japan,JPN,2019,YR2019,98.563809276051
Japan,JPN,2020,YR2020,98.6111758553163
Japan,JPN,2021,YR2021,98.6585502009944
Japan,JPN,2022,YR2022,98.6585502009944
Japan,JPN,2023,YR2023,..
Japan,JPN,2024,YR2024,..
Jordan,JOR,2000,YR2000,53.4944669728529
Jordan,JOR,2001,YR2001,53.4970543256066
Jordan,JOR,2002,YR2002,53.4996419009404
Jordan,JOR,2003,YR2003,53.5022685368628
Jordan,JOR,2004,YR2004,53.5048495390942
Jordan,JOR,2005,YR2005,53.4555121588592
Jordan,JOR,2006,YR2006,55.5552336107316
Jordan,JOR,2007,YR2007,57.6639543052289
Jordan,JOR,2008,YR2008,59.7810476593512
Jordan,JOR,2009,YR2009,61.9062720535499
Jordan,JOR,2010,YR2010,64.0388292692852
Jordan,JOR,2011,YR2011,66.178311523623
Jordan,JOR,2012,YR2012,68.3241321250131
Jordan,JOR,2013,YR2013,70.4759772440932
Jordan,JOR,2014,YR2014,72.6332166995111
Jordan,JOR,2015,YR2015,74.8107344590918
Jordan,JOR,2016,YR2016,76.9894906737603
Jordan,JOR,2017,YR2017,79.1695333013163
Jordan,JOR,2018,YR2018,81.3508129682009
Jordan,JOR,2019,YR2019,83.5332541068276
Jordan,JOR,2020,YR2020,85.7168391097819
Jordan,JOR,2021,YR2021,85.7129216575576
Jordan,JOR,2022,YR2022,85.7091310193345
Jordan,JOR,2023,YR2023,..
Jordan,JOR,2024,YR2024,..
Kazakhstan,KAZ,2000,YR2000,63.1020848734293
Kazakhstan,KAZ,2001,YR2001,63.3698412703438
Kazakhstan,KAZ,2002,YR2002,64.9297312497977
Kazakhstan,KAZ,2003,YR2003,66.5029341834334
Kazakhstan,KAZ,2004,YR2004,68.0893780089335
Kazakhstan,KAZ,2005,YR2005,69.6889774785842
Kazakhstan,KAZ,2006,YR2006,71.3016563945327
Kazakhstan,KAZ,2007,YR2007,72.9273378339942
Kazakhstan,KAZ,2008,YR2008,74.5659474483935
Kazakhstan,KAZ,2009,YR2009,76.2174088461891
Kazakhstan,KAZ,2010,YR2010,77.8813257525504
Kazakhstan,KAZ,2011,YR2011,79.5582691697699
Kazakhstan,KAZ,2012,YR2012,81.2478313374249
Kazakhstan,KAZ,2013,YR2013,82.9074979790564
Kazakhstan,KAZ,2014,YR2014,84.4887087164124
Kazakhstan,KAZ,2015,YR2015,86.0814541393425
Kazakhstan,KAZ,2016,YR2016,87.6854187180022
Kazakhstan,KAZ,2017,YR2017,89.3004210400231
Kazakhstan,KAZ,2018,YR2018,89.3098182316854
Kazakhstan,KAZ,2019,YR2019,89.3212635358499
Kazakhstan,KAZ,2020,YR2020,89.3346437095975
Kazakhstan,KAZ,2021,YR2021,89.3499692261019
Kazakhstan,KAZ,2022,YR2022,..
Kazakhstan,KAZ,2023,YR2023,..
Kazakhstan,KAZ,2024,YR2024,..
Kenya,KEN,2000,YR2000,..
Kenya,KEN,2001,YR2001,..
Kenya,KEN,2002,YR2002,..
Kenya,KEN,2003,YR2003,..
Kenya,KEN,2004,YR2004,..
Kenya,KEN,2005,YR2005,..
Kenya,KEN,2006,YR2006,..
Kenya,KEN,2007,YR2007,..
Kenya,KEN,2008,YR2008,..
Kenya,KEN,2009,YR2009,..
Kenya,KEN,2010,YR2010,..
Kenya,KEN,2011,YR2011,..
Kenya,KEN,2012,YR2012,..
Kenya,KEN,2013,YR2013,..
Kenya,KEN,2014,YR2014,..
Kenya,KEN,2015,YR2015,..
Kenya,KEN,2016,YR2016,..
Kenya,KEN,2017,YR2017,..
Kenya,KEN,2018,YR2018,..
Kenya,KEN,2019,YR2019,..
Kenya,KEN,2020,YR2020,..
Kenya,KEN,2021,YR2021,..
Kenya,KEN,2022,YR2022,..
Kenya,KEN,2023,YR2023,..
Kenya,KEN,2024,YR2024,..
Kiribati,KIR,2000,YR2000,10.1691429065402
Kiribati,KIR,2001,YR2001,10.3328381356273
Kiribati,KIR,2002,YR2002,10.4396823577244
Kiribati,KIR,2003,YR2003,10.5466858466498
Kiribati,KIR,2004,YR2004,10.6537330905102
Kiribati,KIR,2005,YR2005,10.7607040206193
Kiribati,KIR,2006,YR2006,10.9234893294596
Kiribati,KIR,2007,YR2007,11.1309934212182
Kiribati,KIR,2008,YR2008,11.340814576427
Kiribati,KIR,2009,YR2009,11.5525917097869
Kiribati,KIR,2010,YR2010,11.7664546917612
Kiribati,KIR,2011,YR2011,11.9824096747831
Kiribati,KIR,2012,YR2012,12.2004627076224
Kiribati,KIR,2013,YR2013,12.4201046827376
Kiribati,KIR,2014,YR2014,12.6417206749125
Kiribati,KIR,2015,YR2015,12.865180559568
Kiribati,KIR,2016,YR2016,13.0885035750262
Kiribati,KIR,2017,YR2017,13.3111074703606
Kiribati,KIR,2018,YR2018,13.5331984883682
Kiribati,KIR,2019,YR2019,13.7547205399055
Kiribati,KIR,2020,YR2020,13.9753467093976
Kiribati,KIR,2021,YR2021,14.1951515454267
Kiribati,KIR,2022,YR2022,14.4140746669502
Kiribati,KIR,2023,YR2023,..
Kiribati,KIR,2024,YR2024,..
"Korea, Dem. People's Rep.",PRK,2000,YR2000,68.9994701532214
"Korea, Dem. People's Rep.",PRK,2001,YR2001,69.0183483043697
"Korea, Dem. People's Rep.",PRK,2002,YR2002,69.0372312290259
"Korea, Dem. People's Rep.",PRK,2003,YR2003,69.0558719801947
"Korea, Dem. People's Rep.",PRK,2004,YR2004,69.0363169907307
"Korea, Dem. People's Rep.",PRK,2005,YR2005,68.8284022385387
"Korea, Dem. People's Rep.",PRK,2006,YR2006,68.6211707238229
"Korea, Dem. People's Rep.",PRK,2007,YR2007,68.4141324868191
"Korea, Dem. People's Rep.",PRK,2008,YR2008,68.2075303530386
"Korea, Dem. People's Rep.",PRK,2009,YR2009,68.0208726123557
"Korea, Dem. People's Rep.",PRK,2010,YR2010,67.8420003480194
"Korea, Dem. People's Rep.",PRK,2011,YR2011,67.6636236798997
"Korea, Dem. People's Rep.",PRK,2012,YR2012,67.4865151670381
"Korea, Dem. People's Rep.",PRK,2013,YR2013,67.3101584417687
"Korea, Dem. People's Rep.",PRK,2014,YR2014,67.1348055517042
"Korea, Dem. People's Rep.",PRK,2015,YR2015,66.9601921192507
"Korea, Dem. People's Rep.",PRK,2016,YR2016,66.7906723674847
"Korea, Dem. People's Rep.",PRK,2017,YR2017,66.6258224978669
"Korea, Dem. People's Rep.",PRK,2018,YR2018,66.4660283082871
"Korea, Dem. People's Rep.",PRK,2019,YR2019,66.3114089822237
"Korea, Dem. People's Rep.",PRK,2020,YR2020,66.380897032912
"Korea, Dem. People's Rep.",PRK,2021,YR2021,66.4543194490899
"Korea, Dem. People's Rep.",PRK,2022,YR2022,66.531399868941
"Korea, Dem. People's Rep.",PRK,2023,YR2023,..
"Korea, Dem. People's Rep.",PRK,2024,YR2024,..
"Korea, Rep.",KOR,2000,YR2000,..
"Korea, Rep.",KOR,2001,YR2001,..
"Korea, Rep.",KOR,2002,YR2002,97.1056507648801
"Korea, Rep.",KOR,2003,YR2003,97.1056507648801
"Korea, Rep.",KOR,2004,YR2004,97.1056507648801
"Korea, Rep.",KOR,2005,YR2005,97.1056507648801
"Korea, Rep.",KOR,2006,YR2006,97.1056507648801
"Korea, Rep.",KOR,2007,YR2007,97.2711191217053
"Korea, Rep.",KOR,2008,YR2008,97.436728244654
"Korea, Rep.",KOR,2009,YR2009,97.6024781337264
"Korea, Rep.",KOR,2010,YR2010,97.7683687889224
"Korea, Rep.",KOR,2011,YR2011,97.934400210242
"Korea, Rep.",KOR,2012,YR2012,98.1005723976852
"Korea, Rep.",KOR,2013,YR2013,98.2668853512521
"Korea, Rep.",KOR,2014,YR2014,98.4333390709425
"Korea, Rep.",KOR,2015,YR2015,98.5837564051377
"Korea, Rep.",KOR,2016,YR2016,98.6926964024779
"Korea, Rep.",KOR,2017,YR2017,98.8016820690424
"Korea, Rep.",KOR,2018,YR2018,98.9107134048309
"Korea, Rep.",KOR,2019,YR2019,99.0197904098436
"Korea, Rep.",KOR,2020,YR2020,99.1289130840804
"Korea, Rep.",KOR,2021,YR2021,99.2102181270468
"Korea, Rep.",KOR,2022,YR2022,99.2801236024823
"Korea, Rep.",KOR,2023,YR2023,..
"Korea, Rep.",KOR,2024,YR2024,..
Kosovo,XKX,2000,YR2000,..
Kosovo,XKX,2001,YR2001,..
Kosovo,XKX,2002,YR2002,..
Kosovo,XKX,2003,YR2003,..
Kosovo,XKX,2004,YR2004,..
Kosovo,XKX,2005,YR2005,..
Kosovo,XKX,2006,YR2006,..
Kosovo,XKX,2007,YR2007,..
Kosovo,XKX,2008,YR2008,..
Kosovo,XKX,2009,YR2009,..
Kosovo,XKX,2010,YR2010,..
Kosovo,XKX,2011,YR2011,..
Kosovo,XKX,2012,YR2012,..
Kosovo,XKX,2013,YR2013,..
Kosovo,XKX,2014,YR2014,..
Kosovo,XKX,2015,YR2015,..
Kosovo,XKX,2016,YR2016,..
Kosovo,XKX,2017,YR2017,..
Kosovo,XKX,2018,YR2018,..
Kosovo,XKX,2019,YR2019,..
Kosovo,XKX,2020,YR2020,..
Kosovo,XKX,2021,YR2021,..
Kosovo,XKX,2022,YR2022,..
Kosovo,XKX,2023,YR2023,..
Kosovo,XKX,2024,YR2024,..
Kuwait,KWT,2000,YR2000,100
Kuwait,KWT,2001,YR2001,100
Kuwait,KWT,2002,YR2002,100
Kuwait,KWT,2003,YR2003,100
Kuwait,KWT,2004,YR2004,100
Kuwait,KWT,2005,YR2005,100
Kuwait,KWT,2006,YR2006,100
Kuwait,KWT,2007,YR2007,100
Kuwait,KWT,2008,YR2008,100
Kuwait,KWT,2009,YR2009,100
Kuwait,KWT,2010,YR2010,100
Kuwait,KWT,2011,YR2011,100
Kuwait,KWT,2012,YR2012,100
Kuwait,KWT,2013,YR2013,100
Kuwait,KWT,2014,YR2014,100
Kuwait,KWT,2015,YR2015,100
Kuwait,KWT,2016,YR2016,100
Kuwait,KWT,2017,YR2017,100
Kuwait,KWT,2018,YR2018,100
Kuwait,KWT,2019,YR2019,100
Kuwait,KWT,2020,YR2020,100
Kuwait,KWT,2021,YR2021,100
Kuwait,KWT,2022,YR2022,100
Kuwait,KWT,2023,YR2023,..
Kuwait,KWT,2024,YR2024,..
Kyrgyz Republic,KGZ,2000,YR2000,45.6597813832974
Kyrgyz Republic,KGZ,2001,YR2001,45.6587019870185
Kyrgyz Republic,KGZ,2002,YR2002,45.9421332535423
Kyrgyz Republic,KGZ,2003,YR2003,46.2250282526132
Kyrgyz Republic,KGZ,2004,YR2004,46.5084617287386
Kyrgyz Republic,KGZ,2005,YR2005,48.2826484177464
Kyrgyz Republic,KGZ,2006,YR2006,50.0861195140894
Kyrgyz Republic,KGZ,2007,YR2007,51.9178313424606
Kyrgyz Republic,KGZ,2008,YR2008,53.778317539709
Kyrgyz Republic,KGZ,2009,YR2009,55.6680567502067
Kyrgyz Republic,KGZ,2010,YR2010,57.5972164363958
Kyrgyz Republic,KGZ,2011,YR2011,59.5653299252818
Kyrgyz Republic,KGZ,2012,YR2012,61.571822241818
Kyrgyz Republic,KGZ,2013,YR2013,63.356950071956
Kyrgyz Republic,KGZ,2014,YR2014,65.130807475661
Kyrgyz Republic,KGZ,2015,YR2015,66.9349994175076
Kyrgyz Republic,KGZ,2016,YR2016,68.7585388672245
Kyrgyz Republic,KGZ,2017,YR2017,70.5217288443757
Kyrgyz Republic,KGZ,2018,YR2018,72.3086160926815
Kyrgyz Republic,KGZ,2019,YR2019,74.1166139930174
Kyrgyz Republic,KGZ,2020,YR2020,76.3385372917454
Kyrgyz Republic,KGZ,2021,YR2021,76.4097768978568
Kyrgyz Republic,KGZ,2022,YR2022,76.4871521039571
Kyrgyz Republic,KGZ,2023,YR2023,..
Kyrgyz Republic,KGZ,2024,YR2024,..
Lao PDR,LAO,2000,YR2000,4.87754305327517
Lao PDR,LAO,2001,YR2001,6.66564043132179
Lao PDR,LAO,2002,YR2002,8.60166440077817
Lao PDR,LAO,2003,YR2003,10.6103559864952
Lao PDR,LAO,2004,YR2004,11.1238516656784
Lao PDR,LAO,2005,YR2005,11.609332913971
Lao PDR,LAO,2006,YR2006,12.0347463223553
Lao PDR,LAO,2007,YR2007,12.4603805311868
Lao PDR,LAO,2008,YR2008,12.8866839142888
Lao PDR,LAO,2009,YR2009,13.3130284748662
Lao PDR,LAO,2010,YR2010,13.7397091739604
Lao PDR,LAO,2011,YR2011,14.1667135136299
Lao PDR,LAO,2012,YR2012,14.5941781920226
Lao PDR,LAO,2013,YR2013,15.021489608001
Lao PDR,LAO,2014,YR2014,15.4490861924632
Lao PDR,LAO,2015,YR2015,15.8768081298228
Lao PDR,LAO,2016,YR2016,16.3047908313028
Lao PDR,LAO,2017,YR2017,16.7325815626677
Lao PDR,LAO,2018,YR2018,17.1601689389509
Lao PDR,LAO,2019,YR2019,17.587695967652
Lao PDR,LAO,2020,YR2020,17.6819038152423
Lao PDR,LAO,2021,YR2021,17.7766982378824
Lao PDR,LAO,2022,YR2022,17.8720755715615
Lao PDR,LAO,2023,YR2023,..
Lao PDR,LAO,2024,YR2024,..
Latvia,LVA,2000,YR2000,92.3844513667817
Latvia,LVA,2001,YR2001,92.3652817109568
Latvia,LVA,2002,YR2002,92.3939644560111
Latvia,LVA,2003,YR2003,92.4309546106771
Latvia,LVA,2004,YR2004,92.4921143842167
Latvia,LVA,2005,YR2005,92.5530451831669
Latvia,LVA,2006,YR2006,92.6362855798782
Latvia,LVA,2007,YR2007,92.8995303184028
Latvia,LVA,2008,YR2008,93.1643293027754
Latvia,LVA,2009,YR2009,93.4369501404855
Latvia,LVA,2010,YR2010,93.7166718751434
Latvia,LVA,2011,YR2011,93.9967354602132
Latvia,LVA,2012,YR2012,94.2770127926483
Latvia,LVA,2013,YR2013,94.5574940718317
Latvia,LVA,2014,YR2014,94.8380753965027
Latvia,LVA,2015,YR2015,95.118973137701
Latvia,LVA,2016,YR2016,95.4013064901174
Latvia,LVA,2017,YR2017,95.6848313046139
Latvia,LVA,2018,YR2018,95.9692852409253
Latvia,LVA,2019,YR2019,96.2544132459902
Latvia,LVA,2020,YR2020,96.5399613194845
Latvia,LVA,2021,YR2021,96.8256718966414
Latvia,LVA,2022,YR2022,97.1112722593105
Latvia,LVA,2023,YR2023,..
Latvia,LVA,2024,YR2024,..
Lebanon,LBN,2000,YR2000,43.479099332381
Lebanon,LBN,2001,YR2001,43.7059891692063
Lebanon,LBN,2002,YR2002,43.9328790060317
Lebanon,LBN,2003,YR2003,44.1597688428572
Lebanon,LBN,2004,YR2004,44.3866586796825
Lebanon,LBN,2005,YR2005,44.6135485165079
Lebanon,LBN,2006,YR2006,44.8404383533333
Lebanon,LBN,2007,YR2007,45.0673281901587
Lebanon,LBN,2008,YR2008,45.2942180269841
Lebanon,LBN,2009,YR2009,45.5211078638095
Lebanon,LBN,2010,YR2010,45.7479977006349
Lebanon,LBN,2011,YR2011,45.9748875374603
Lebanon,LBN,2012,YR2012,46.2017773742857
Lebanon,LBN,2013,YR2013,46.4286672111111
Lebanon,LBN,2014,YR2014,46.6555570479365
Lebanon,LBN,2015,YR2015,46.8824468847619
Lebanon,LBN,2016,YR2016,47.1093367215873
Lebanon,LBN,2017,YR2017,47.3362265584127
Lebanon,LBN,2018,YR2018,47.5631163952381
Lebanon,LBN,2019,YR2019,47.7
Lebanon,LBN,2020,YR2020,47.7
Lebanon,LBN,2021,YR2021,47.7
Lebanon,LBN,2022,YR2022,47.7
Lebanon,LBN,2023,YR2023,..
Lebanon,LBN,2024,YR2024,..
Lesotho,LSO,2000,YR2000,8.85261668155209
Lesotho,LSO,2001,YR2001,9.72005050264255
Lesotho,LSO,2002,YR2002,10.6104269256094
Lesotho,LSO,2003,YR2003,11.5238148692864
Lesotho,LSO,2004,YR2004,12.4615956322682
Lesotho,LSO,2005,YR2005,13.4224474798429
Lesotho,LSO,2006,YR2006,14.408210007123
Lesotho,LSO,2007,YR2007,15.370615691576
Lesotho,LSO,2008,YR2008,16.3546204645558
Lesotho,LSO,2009,YR2009,17.3590283596396
Lesotho,LSO,2010,YR2010,18.3857193340094
Lesotho,LSO,2011,YR2011,19.4345230802161
Lesotho,LSO,2012,YR2012,20.3828074785916
Lesotho,LSO,2013,YR2013,21.2300947389349
Lesotho,LSO,2014,YR2014,22.0892423225197
Lesotho,LSO,2015,YR2015,22.9609405043365
Lesotho,LSO,2016,YR2016,23.8441191493482
Lesotho,LSO,2017,YR2017,24.739469269916
Lesotho,LSO,2018,YR2018,25.6507852521301
Lesotho,LSO,2019,YR2019,26.5776930448547
Lesotho,LSO,2020,YR2020,27.5216836619161
Lesotho,LSO,2021,YR2021,27.8657329770812
Lesotho,LSO,2022,YR2022,28.2174874193037
Lesotho,LSO,2023,YR2023,..
Lesotho,LSO,2024,YR2024,..
Liberia,LBR,2000,YR2000,..
Liberia,LBR,2001,YR2001,..
Liberia,LBR,2002,YR2002,..
Liberia,LBR,2003,YR2003,..
Liberia,LBR,2004,YR2004,..
Liberia,LBR,2005,YR2005,..
Liberia,LBR,2006,YR2006,..
Liberia,LBR,2007,YR2007,..
Liberia,LBR,2008,YR2008,..
Liberia,LBR,2009,YR2009,..
Liberia,LBR,2010,YR2010,..
Liberia,LBR,2011,YR2011,..
Liberia,LBR,2012,YR2012,..
Liberia,LBR,2013,YR2013,..
Liberia,LBR,2014,YR2014,..
Liberia,LBR,2015,YR2015,..
Liberia,LBR,2016,YR2016,..
Liberia,LBR,2017,YR2017,..
Liberia,LBR,2018,YR2018,..
Liberia,LBR,2019,YR2019,..
Liberia,LBR,2020,YR2020,..
Liberia,LBR,2021,YR2021,..
Liberia,LBR,2022,YR2022,..
Liberia,LBR,2023,YR2023,..
Liberia,LBR,2024,YR2024,..
Libya,LBY,2000,YR2000,..
Libya,LBY,2001,YR2001,..
Libya,LBY,2002,YR2002,..
Libya,LBY,2003,YR2003,..
Libya,LBY,2004,YR2004,..
Libya,LBY,2005,YR2005,..
Libya,LBY,2006,YR2006,..
Libya,LBY,2007,YR2007,..
Libya,LBY,2008,YR2008,..
Libya,LBY,2009,YR2009,..
Libya,LBY,2010,YR2010,..
Libya,LBY,2011,YR2011,..
Libya,LBY,2012,YR2012,..
Libya,LBY,2013,YR2013,..
Libya,LBY,2014,YR2014,..
Libya,LBY,2015,YR2015,..
Libya,LBY,2016,YR2016,..
Libya,LBY,2017,YR2017,..
Libya,LBY,2018,YR2018,..
Libya,LBY,2019,YR2019,..
Libya,LBY,2020,YR2020,..
Libya,LBY,2021,YR2021,..
Libya,LBY,2022,YR2022,..
Libya,LBY,2023,YR2023,..
Libya,LBY,2024,YR2024,..
Liechtenstein,LIE,2000,YR2000,100
Liechtenstein,LIE,2001,YR2001,100
Liechtenstein,LIE,2002,YR2002,100
Liechtenstein,LIE,2003,YR2003,100
Liechtenstein,LIE,2004,YR2004,100
Liechtenstein,LIE,2005,YR2005,100
Liechtenstein,LIE,2006,YR2006,100
Liechtenstein,LIE,2007,YR2007,100
Liechtenstein,LIE,2008,YR2008,100
Liechtenstein,LIE,2009,YR2009,100
Liechtenstein,LIE,2010,YR2010,100
Liechtenstein,LIE,2011,YR2011,100
Liechtenstein,LIE,2012,YR2012,100
Liechtenstein,LIE,2013,YR2013,100
Liechtenstein,LIE,2014,YR2014,100
Liechtenstein,LIE,2015,YR2015,100
Liechtenstein,LIE,2016,YR2016,100
Liechtenstein,LIE,2017,YR2017,100
Liechtenstein,LIE,2018,YR2018,100
Liechtenstein,LIE,2019,YR2019,100
Liechtenstein,LIE,2020,YR2020,100
Liechtenstein,LIE,2021,YR2021,100
Liechtenstein,LIE,2022,YR2022,100
Liechtenstein,LIE,2023,YR2023,..
Liechtenstein,LIE,2024,YR2024,..
Lithuania,LTU,2000,YR2000,68.3819500235136
Lithuania,LTU,2001,YR2001,68.722956045526
Lithuania,LTU,2002,YR2002,69.0612259655793
Lithuania,LTU,2003,YR2003,69.4006602156724
Lithuania,LTU,2004,YR2004,71.2137430410415
Lithuania,LTU,2005,YR2005,73.0533069366256
Lithuania,LTU,2006,YR2006,74.9187162556045
Lithuania,LTU,2007,YR2007,76.7984580811854
Lithuania,LTU,2008,YR2008,78.6924671957626
Lithuania,LTU,2009,YR2009,80.5915688088047
Lithuania,LTU,2010,YR2010,82.4966707796791
Lithuania,LTU,2011,YR2011,84.4250051337723
Lithuania,LTU,2012,YR2012,86.3826378165953
Lithuania,LTU,2013,YR2013,88.3536205960304
Lithuania,LTU,2014,YR2014,90.3379728931866
Lithuania,LTU,2015,YR2015,92.3355913037643
Lithuania,LTU,2016,YR2016,93.9928811739939
Lithuania,LTU,2017,YR2017,94.4423091946607
Lithuania,LTU,2018,YR2018,94.8732512815995
Lithuania,LTU,2019,YR2019,94.8974874451152
Lithuania,LTU,2020,YR2020,94.9237932740768
Lithuania,LTU,2021,YR2021,94.9517503729689
Lithuania,LTU,2022,YR2022,94.9814964714414
Lithuania,LTU,2023,YR2023,..
Lithuania,LTU,2024,YR2024,..
Luxembourg,LUX,2000,YR2000,99.831567625032
Luxembourg,LUX,2001,YR2001,99.8303122786827
Luxembourg,LUX,2002,YR2002,99.8294007478669
Luxembourg,LUX,2003,YR2003,99.828516919075
Luxembourg,LUX,2004,YR2004,99.8276489397005
Luxembourg,LUX,2005,YR2005,99.8268041244314
Luxembourg,LUX,2006,YR2006,99.8259810502773
Luxembourg,LUX,2007,YR2007,99.8251796236763
Luxembourg,LUX,2008,YR2008,99.8244012115602
Luxembourg,LUX,2009,YR2009,99.8236462944009
Luxembourg,LUX,2010,YR2010,99.822908197954
Luxembourg,LUX,2011,YR2011,99.8221897114305
Luxembourg,LUX,2012,YR2012,99.7764862682278
Luxembourg,LUX,2013,YR2013,99.7237508144043
Luxembourg,LUX,2014,YR2014,99.6742915425469
Luxembourg,LUX,2015,YR2015,99.627860789774
Luxembourg,LUX,2016,YR2016,99.5842506631401
Luxembourg,LUX,2017,YR2017,99.543226403751
Luxembourg,LUX,2018,YR2018,99.5046038462513
Luxembourg,LUX,2019,YR2019,99.5125308619097
Luxembourg,LUX,2020,YR2020,99.5200654420875
Luxembourg,LUX,2021,YR2021,99.5272329799709
Luxembourg,LUX,2022,YR2022,99.5340819574653
Luxembourg,LUX,2023,YR2023,..
Luxembourg,LUX,2024,YR2024,..
"Macao SAR, China",MAC,2000,YR2000,99.971207177814
"Macao SAR, China",MAC,2001,YR2001,99.971207177814
"Macao SAR, China",MAC,2002,YR2002,99.971207177814
"Macao SAR, China",MAC,2003,YR2003,99.971207177814
"Macao SAR, China",MAC,2004,YR2004,99.9733550842849
"Macao SAR, China",MAC,2005,YR2005,99.9755029907559
"Macao SAR, China",MAC,2006,YR2006,99.9776508972268
"Macao SAR, China",MAC,2007,YR2007,99.9797988036977
"Macao SAR, China",MAC,2008,YR2008,99.9819467101686
"Macao SAR, China",MAC,2009,YR2009,99.9840946166395
"Macao SAR, China",MAC,2010,YR2010,99.9862425231104
"Macao SAR, China",MAC,2011,YR2011,99.9883904295813
"Macao SAR, China",MAC,2012,YR2012,99.9905383360522
"Macao SAR, China",MAC,2013,YR2013,99.9926862425231
"Macao SAR, China",MAC,2014,YR2014,99.994834148994
"Macao SAR, China",MAC,2015,YR2015,99.9969820554649
"Macao SAR, China",MAC,2016,YR2016,99.9991299619359
"Macao SAR, China",MAC,2017,YR2017,100
"Macao SAR, China",MAC,2018,YR2018,100
"Macao SAR, China",MAC,2019,YR2019,100
"Macao SAR, China",MAC,2020,YR2020,100
"Macao SAR, China",MAC,2021,YR2021,100
"Macao SAR, China",MAC,2022,YR2022,100
"Macao SAR, China",MAC,2023,YR2023,..
"Macao SAR, China",MAC,2024,YR2024,..
Madagascar,MDG,2000,YR2000,6.93422792661854
Madagascar,MDG,2001,YR2001,7.48878097181858
Madagascar,MDG,2002,YR2002,8.05968949541681
Madagascar,MDG,2003,YR2003,8.64678658683702
Madagascar,MDG,2004,YR2004,9.25025815338349
Madagascar,MDG,2005,YR2005,9.93261554174104
Madagascar,MDG,2006,YR2006,10.6358995156338
Madagascar,MDG,2007,YR2007,11.3599943406554
Madagascar,MDG,2008,YR2008,12.1053840846591
Madagascar,MDG,2009,YR2009,12.8711099192107
Madagascar,MDG,2010,YR2010,13.6576266289381
Madagascar,MDG,2011,YR2011,14.4647667274573
Madagascar,MDG,2012,YR2012,15.2925667357711
Madagascar,MDG,2013,YR2013,16.1408302762085
Madagascar,MDG,2014,YR2014,16.7630080347729
Madagascar,MDG,2015,YR2015,17.3862360832543
Madagascar,MDG,2016,YR2016,18.0266900658694
Madagascar,MDG,2017,YR2017,18.6844476953544
Madagascar,MDG,2018,YR2018,19.3598230600213
Madagascar,MDG,2019,YR2019,20.0525651371361
Madagascar,MDG,2020,YR2020,20.7635333183938
Madagascar,MDG,2021,YR2021,21.4921283753203
Madagascar,MDG,2022,YR2022,22.2392232754516
Madagascar,MDG,2023,YR2023,..
Madagascar,MDG,2024,YR2024,..
Malawi,MWI,2000,YR2000,6.93072328132276
Malawi,MWI,2001,YR2001,7.30106086676686
Malawi,MWI,2002,YR2002,7.68051574187715
Malawi,MWI,2003,YR2003,8.06942676340793
Malawi,MWI,2004,YR2004,8.46742090607843
Malawi,MWI,2005,YR2005,8.87484552300244
Malawi,MWI,2006,YR2006,9.29131815990356
Malawi,MWI,2007,YR2007,9.71719306882809
Malawi,MWI,2008,YR2008,10.1520807536763
Malawi,MWI,2009,YR2009,10.6005508630346
Malawi,MWI,2010,YR2010,11.0627064610518
Malawi,MWI,2011,YR2011,11.5390372600745
Malawi,MWI,2012,YR2012,12.0292544123907
Malawi,MWI,2013,YR2013,12.5342361256519
Malawi,MWI,2014,YR2014,13.0532852603648
Malawi,MWI,2015,YR2015,13.5876840716512
Malawi,MWI,2016,YR2016,14.1363136398145
Malawi,MWI,2017,YR2017,14.7004635346463
Malawi,MWI,2018,YR2018,15.280214141913
Malawi,MWI,2019,YR2019,15.8752295061873
Malawi,MWI,2020,YR2020,16.4864046136865
Malawi,MWI,2021,YR2021,17.1133874673045
Malawi,MWI,2022,YR2022,17.7570796234108
Malawi,MWI,2023,YR2023,..
Malawi,MWI,2024,YR2024,..
Malaysia,MYS,2000,YR2000,92.5773021033919
Malaysia,MYS,2001,YR2001,92.6972766152173
Malaysia,MYS,2002,YR2002,92.7632828980385
Malaysia,MYS,2003,YR2003,92.8303094529181
Malaysia,MYS,2004,YR2004,92.8983104905309
Malaysia,MYS,2005,YR2005,92.9667158445377
Malaysia,MYS,2006,YR2006,93.0358826563392
Malaysia,MYS,2007,YR2007,93.1056301595821
Malaysia,MYS,2008,YR2008,93.1759197369466
Malaysia,MYS,2009,YR2009,93.2462884785932
Malaysia,MYS,2010,YR2010,93.3169649867709
Malaysia,MYS,2011,YR2011,93.370209785275
Malaysia,MYS,2012,YR2012,93.420811210875
Malaysia,MYS,2013,YR2013,93.4714987185083
Malaysia,MYS,2014,YR2014,93.5226655324704
Malaysia,MYS,2015,YR2015,93.573840962697
Malaysia,MYS,2016,YR2016,93.6252758965394
Malaysia,MYS,2017,YR2017,93.6753201265979
Malaysia,MYS,2018,YR2018,93.7242066106542
Malaysia,MYS,2019,YR2019,93.771862554664
Malaysia,MYS,2020,YR2020,93.8182200650099
Malaysia,MYS,2021,YR2021,93.8633669288077
Malaysia,MYS,2022,YR2022,93.941920809996
Malaysia,MYS,2023,YR2023,..
Malaysia,MYS,2024,YR2024,..
Maldives,MDV,2000,YR2000,..
Maldives,MDV,2001,YR2001,..
Maldives,MDV,2002,YR2002,..
Maldives,MDV,2003,YR2003,..
Maldives,MDV,2004,YR2004,..
Maldives,MDV,2005,YR2005,..
Maldives,MDV,2006,YR2006,..
Maldives,MDV,2007,YR2007,..
Maldives,MDV,2008,YR2008,..
Maldives,MDV,2009,YR2009,..
Maldives,MDV,2010,YR2010,..
Maldives,MDV,2011,YR2011,..
Maldives,MDV,2012,YR2012,..
Maldives,MDV,2013,YR2013,..
Maldives,MDV,2014,YR2014,..
Maldives,MDV,2015,YR2015,..
Maldives,MDV,2016,YR2016,..
Maldives,MDV,2017,YR2017,..
Maldives,MDV,2018,YR2018,..
Maldives,MDV,2019,YR2019,..
Maldives,MDV,2020,YR2020,..
Maldives,MDV,2021,YR2021,..
Maldives,MDV,2022,YR2022,..
Maldives,MDV,2023,YR2023,..
Maldives,MDV,2024,YR2024,..
Mali,MLI,2000,YR2000,..
Mali,MLI,2001,YR2001,..
Mali,MLI,2002,YR2002,..
Mali,MLI,2003,YR2003,..
Mali,MLI,2004,YR2004,..
Mali,MLI,2005,YR2005,..
Mali,MLI,2006,YR2006,..
Mali,MLI,2007,YR2007,..
Mali,MLI,2008,YR2008,..
Mali,MLI,2009,YR2009,..
Mali,MLI,2010,YR2010,..
Mali,MLI,2011,YR2011,..
Mali,MLI,2012,YR2012,..
Mali,MLI,2013,YR2013,..
Mali,MLI,2014,YR2014,..
Mali,MLI,2015,YR2015,..
Mali,MLI,2016,YR2016,..
Mali,MLI,2017,YR2017,..
Mali,MLI,2018,YR2018,..
Mali,MLI,2019,YR2019,..
Mali,MLI,2020,YR2020,..
Mali,MLI,2021,YR2021,..
Mali,MLI,2022,YR2022,..
Mali,MLI,2023,YR2023,..
Mali,MLI,2024,YR2024,..
Malta,MLT,2000,YR2000,99.999999495466
Malta,MLT,2001,YR2001,99.9999964485413
Malta,MLT,2002,YR2002,100
Malta,MLT,2003,YR2003,99.999998278826
Malta,MLT,2004,YR2004,100
Malta,MLT,2005,YR2005,99.9999995796661
Malta,MLT,2006,YR2006,100
Malta,MLT,2007,YR2007,100
Malta,MLT,2008,YR2008,99.9999965451882
Malta,MLT,2009,YR2009,99.999999540951
Malta,MLT,2010,YR2010,99.9840231200838
Malta,MLT,2011,YR2011,99.9663863896217
Malta,MLT,2012,YR2012,99.9487547232468
Malta,MLT,2013,YR2013,99.931118095047
Malta,MLT,2014,YR2014,99.9134897576406
Malta,MLT,2015,YR2015,99.8958503496077
Malta,MLT,2016,YR2016,99.8782191179984
Malta,MLT,2017,YR2017,99.8605850471682
Malta,MLT,2018,YR2018,99.8429523203843
Malta,MLT,2019,YR2019,99.8253197277443
Malta,MLT,2020,YR2020,99.8076855516282
Malta,MLT,2021,YR2021,99.7900477360276
Malta,MLT,2022,YR2022,99.7724155281172
Malta,MLT,2023,YR2023,..
Malta,MLT,2024,YR2024,..
Marshall Islands,MHL,2000,YR2000,..
Marshall Islands,MHL,2001,YR2001,..
Marshall Islands,MHL,2002,YR2002,..
Marshall Islands,MHL,2003,YR2003,..
Marshall Islands,MHL,2004,YR2004,..
Marshall Islands,MHL,2005,YR2005,..
Marshall Islands,MHL,2006,YR2006,..
Marshall Islands,MHL,2007,YR2007,..
Marshall Islands,MHL,2008,YR2008,..
Marshall Islands,MHL,2009,YR2009,..
Marshall Islands,MHL,2010,YR2010,..
Marshall Islands,MHL,2011,YR2011,..
Marshall Islands,MHL,2012,YR2012,..
Marshall Islands,MHL,2013,YR2013,..
Marshall Islands,MHL,2014,YR2014,..
Marshall Islands,MHL,2015,YR2015,..
Marshall Islands,MHL,2016,YR2016,..
Marshall Islands,MHL,2017,YR2017,..
Marshall Islands,MHL,2018,YR2018,..
Marshall Islands,MHL,2019,YR2019,..
Marshall Islands,MHL,2020,YR2020,..
Marshall Islands,MHL,2021,YR2021,..
Marshall Islands,MHL,2022,YR2022,..
Marshall Islands,MHL,2023,YR2023,..
Marshall Islands,MHL,2024,YR2024,..
Mauritania,MRT,2000,YR2000,..
Mauritania,MRT,2001,YR2001,..
Mauritania,MRT,2002,YR2002,..
Mauritania,MRT,2003,YR2003,..
Mauritania,MRT,2004,YR2004,..
Mauritania,MRT,2005,YR2005,..
Mauritania,MRT,2006,YR2006,..
Mauritania,MRT,2007,YR2007,..
Mauritania,MRT,2008,YR2008,..
Mauritania,MRT,2009,YR2009,..
Mauritania,MRT,2010,YR2010,..
Mauritania,MRT,2011,YR2011,..
Mauritania,MRT,2012,YR2012,..
Mauritania,MRT,2013,YR2013,..
Mauritania,MRT,2014,YR2014,..
Mauritania,MRT,2015,YR2015,..
Mauritania,MRT,2016,YR2016,..
Mauritania,MRT,2017,YR2017,..
Mauritania,MRT,2018,YR2018,..
Mauritania,MRT,2019,YR2019,..
Mauritania,MRT,2020,YR2020,..
Mauritania,MRT,2021,YR2021,..
Mauritania,MRT,2022,YR2022,..
Mauritania,MRT,2023,YR2023,..
Mauritania,MRT,2024,YR2024,..
Mauritius,MUS,2000,YR2000,..
Mauritius,MUS,2001,YR2001,..
Mauritius,MUS,2002,YR2002,..
Mauritius,MUS,2003,YR2003,..
Mauritius,MUS,2004,YR2004,..
Mauritius,MUS,2005,YR2005,..
Mauritius,MUS,2006,YR2006,..
Mauritius,MUS,2007,YR2007,..
Mauritius,MUS,2008,YR2008,..
Mauritius,MUS,2009,YR2009,..
Mauritius,MUS,2010,YR2010,..
Mauritius,MUS,2011,YR2011,..
Mauritius,MUS,2012,YR2012,..
Mauritius,MUS,2013,YR2013,..
Mauritius,MUS,2014,YR2014,..
Mauritius,MUS,2015,YR2015,..
Mauritius,MUS,2016,YR2016,..
Mauritius,MUS,2017,YR2017,..
Mauritius,MUS,2018,YR2018,..
Mauritius,MUS,2019,YR2019,..
Mauritius,MUS,2020,YR2020,..
Mauritius,MUS,2021,YR2021,..
Mauritius,MUS,2022,YR2022,..
Mauritius,MUS,2023,YR2023,..
Mauritius,MUS,2024,YR2024,..
Mexico,MEX,2000,YR2000,39.5926569181504
Mexico,MEX,2001,YR2001,39.77693455551
Mexico,MEX,2002,YR2002,39.959240354677
Mexico,MEX,2003,YR2003,40.1396047419486
Mexico,MEX,2004,YR2004,40.318105067581
Mexico,MEX,2005,YR2005,40.4946451584368
Mexico,MEX,2006,YR2006,40.6693180811485
Mexico,MEX,2007,YR2007,40.8420934755778
Mexico,MEX,2008,YR2008,41.0130993031376
Mexico,MEX,2009,YR2009,41.182264543432
Mexico,MEX,2010,YR2010,41.3496652352526
Mexico,MEX,2011,YR2011,41.5154774439404
Mexico,MEX,2012,YR2012,41.6795917218201
Mexico,MEX,2013,YR2013,41.842083990171
Mexico,MEX,2014,YR2014,42.0029610367773
Mexico,MEX,2015,YR2015,42.1621639398893
Mexico,MEX,2016,YR2016,42.3197577947125
Mexico,MEX,2017,YR2017,42.4756995910545
Mexico,MEX,2018,YR2018,42.6300240465305
Mexico,MEX,2019,YR2019,42.7827436572252
Mexico,MEX,2020,YR2020,42.8921018203856
Mexico,MEX,2021,YR2021,42.9660419911967
Mexico,MEX,2022,YR2022,43.0378794213272
Mexico,MEX,2023,YR2023,..
Mexico,MEX,2024,YR2024,..
"Micronesia, Fed. Sts.",FSM,2000,YR2000,..
"Micronesia, Fed. Sts.",FSM,2001,YR2001,..
"Micronesia, Fed. Sts.",FSM,2002,YR2002,..
"Micronesia, Fed. Sts.",FSM,2003,YR2003,..
"Micronesia, Fed. Sts.",FSM,2004,YR2004,..
"Micronesia, Fed. Sts.",FSM,2005,YR2005,..
"Micronesia, Fed. Sts.",FSM,2006,YR2006,..
"Micronesia, Fed. Sts.",FSM,2007,YR2007,..
"Micronesia, Fed. Sts.",FSM,2008,YR2008,..
"Micronesia, Fed. Sts.",FSM,2009,YR2009,..
"Micronesia, Fed. Sts.",FSM,2010,YR2010,..
"Micronesia, Fed. Sts.",FSM,2011,YR2011,..
"Micronesia, Fed. Sts.",FSM,2012,YR2012,..
"Micronesia, Fed. Sts.",FSM,2013,YR2013,..
"Micronesia, Fed. Sts.",FSM,2014,YR2014,..
"Micronesia, Fed. Sts.",FSM,2015,YR2015,..
"Micronesia, Fed. Sts.",FSM,2016,YR2016,..
"Micronesia, Fed. Sts.",FSM,2017,YR2017,..
"Micronesia, Fed. Sts.",FSM,2018,YR2018,..
"Micronesia, Fed. Sts.",FSM,2019,YR2019,..
"Micronesia, Fed. Sts.",FSM,2020,YR2020,..
"Micronesia, Fed. Sts.",FSM,2021,YR2021,..
"Micronesia, Fed. Sts.",FSM,2022,YR2022,..
"Micronesia, Fed. Sts.",FSM,2023,YR2023,..
"Micronesia, Fed. Sts.",FSM,2024,YR2024,..
Moldova,MDA,2000,YR2000,40.3532833936746
Moldova,MDA,2001,YR2001,42.2613658439284
Moldova,MDA,2002,YR2002,44.215875203015
Moldova,MDA,2003,YR2003,46.2174022201799
Moldova,MDA,2004,YR2004,48.2670507348227
Moldova,MDA,2005,YR2005,50.4554744500093
Moldova,MDA,2006,YR2006,52.7706297271939
Moldova,MDA,2007,YR2007,55.1178070219143
Moldova,MDA,2008,YR2008,57.4970577802968
Moldova,MDA,2009,YR2009,59.9084223530468
Moldova,MDA,2010,YR2010,62.3519541224671
Moldova,MDA,2011,YR2011,64.8276934667383
Moldova,MDA,2012,YR2012,67.335689452346
Moldova,MDA,2013,YR2013,69.8759820633143
Moldova,MDA,2014,YR2014,72.4486241090461
Moldova,MDA,2015,YR2015,72.7737317804146
Moldova,MDA,2016,YR2016,73.105944709261
Moldova,MDA,2017,YR2017,73.4444441363939
Moldova,MDA,2018,YR2018,73.7892172048201
Moldova,MDA,2019,YR2019,74.139722176232
Moldova,MDA,2020,YR2020,74.4959377621607
Moldova,MDA,2021,YR2021,74.857571030961
Moldova,MDA,2022,YR2022,75.2243421159045
Moldova,MDA,2023,YR2023,..
Moldova,MDA,2024,YR2024,..
Monaco,MCO,2000,YR2000,100
Monaco,MCO,2001,YR2001,100
Monaco,MCO,2002,YR2002,100
Monaco,MCO,2003,YR2003,100
Monaco,MCO,2004,YR2004,100
Monaco,MCO,2005,YR2005,100
Monaco,MCO,2006,YR2006,100
Monaco,MCO,2007,YR2007,100
Monaco,MCO,2008,YR2008,100
Monaco,MCO,2009,YR2009,100
Monaco,MCO,2010,YR2010,100
Monaco,MCO,2011,YR2011,100
Monaco,MCO,2012,YR2012,100
Monaco,MCO,2013,YR2013,100
Monaco,MCO,2014,YR2014,100
Monaco,MCO,2015,YR2015,100
Monaco,MCO,2016,YR2016,100
Monaco,MCO,2017,YR2017,100
Monaco,MCO,2018,YR2018,100
Monaco,MCO,2019,YR2019,100
Monaco,MCO,2020,YR2020,100
Monaco,MCO,2021,YR2021,100
Monaco,MCO,2022,YR2022,100
Monaco,MCO,2023,YR2023,..
Monaco,MCO,2024,YR2024,..
Mongolia,MNG,2000,YR2000,18.2558746064024
Mongolia,MNG,2001,YR2001,19.2154060889655
Mongolia,MNG,2002,YR2002,20.1966350593652
Mongolia,MNG,2003,YR2003,21.198539835855
Mongolia,MNG,2004,YR2004,22.2200837957128
Mongolia,MNG,2005,YR2005,23.2589073627538
Mongolia,MNG,2006,YR2006,24.3155537506641
Mongolia,MNG,2007,YR2007,25.3886337327289
Mongolia,MNG,2008,YR2008,26.4774145319583
Mongolia,MNG,2009,YR2009,27.5791085399557
Mongolia,MNG,2010,YR2010,28.6950318325097
Mongolia,MNG,2011,YR2011,29.6201552017969
Mongolia,MNG,2012,YR2012,30.4405847355056
Mongolia,MNG,2013,YR2013,31.2710632851545
Mongolia,MNG,2014,YR2014,32.1111890046251
Mongolia,MNG,2015,YR2015,32.9616503604042
Mongolia,MNG,2016,YR2016,33.8220542330642
Mongolia,MNG,2017,YR2017,34.6919863535641
Mongolia,MNG,2018,YR2018,35.5777930570137
Mongolia,MNG,2019,YR2019,36.4795704442769
Mongolia,MNG,2020,YR2020,37.397381385685
Mongolia,MNG,2021,YR2021,38.3305158054359
Mongolia,MNG,2022,YR2022,39.2801550444961
Mongolia,MNG,2023,YR2023,..
Mongolia,MNG,2024,YR2024,..
Montenegro,MNE,2000,YR2000,..
Montenegro,MNE,2001,YR2001,..
Montenegro,MNE,2002,YR2002,..
Montenegro,MNE,2003,YR2003,..
Montenegro,MNE,2004,YR2004,..
Montenegro,MNE,2005,YR2005,..
Montenegro,MNE,2006,YR2006,83.8692801581273
Montenegro,MNE,2007,YR2007,83.987396252162
Montenegro,MNE,2008,YR2008,84.0797595975001
Montenegro,MNE,2009,YR2009,84.1714344496067
Montenegro,MNE,2010,YR2010,84.2625887955667
Montenegro,MNE,2011,YR2011,84.3532960260961
Montenegro,MNE,2012,YR2012,84.4435562842963
Montenegro,MNE,2013,YR2013,84.5334464206919
Montenegro,MNE,2014,YR2014,84.6229619451632
Montenegro,MNE,2015,YR2015,84.7121033654532
Montenegro,MNE,2016,YR2016,84.8007952614819
Montenegro,MNE,2017,YR2017,84.8891087920292
Montenegro,MNE,2018,YR2018,84.9535745120898
Montenegro,MNE,2019,YR2019,85.0132203387945
Montenegro,MNE,2020,YR2020,85.072199534961
Montenegro,MNE,2021,YR2021,85.095559581582
Montenegro,MNE,2022,YR2022,85.1189179871969
Montenegro,MNE,2023,YR2023,..
Montenegro,MNE,2024,YR2024,..
Morocco,MAR,2000,YR2000,41.5165660778488
Morocco,MAR,2001,YR2001,41.9554705885828
Morocco,MAR,2002,YR2002,42.3930789891231
Morocco,MAR,2003,YR2003,42.8282734665875
Morocco,MAR,2004,YR2004,43.2616173654718
Morocco,MAR,2005,YR2005,43.8053962224826
Morocco,MAR,2006,YR2006,44.3692827735523
Morocco,MAR,2007,YR2007,44.9293885612251
Morocco,MAR,2008,YR2008,47.7395908369048
Morocco,MAR,2009,YR2009,50.6023612242051
Morocco,MAR,2010,YR2010,53.5176705405434
Morocco,MAR,2011,YR2011,56.4821946282053
Morocco,MAR,2012,YR2012,59.4948214949835
Morocco,MAR,2013,YR2013,62.5533641207181
Morocco,MAR,2014,YR2014,65.6567410963589
Morocco,MAR,2015,YR2015,68.2829129290842
Morocco,MAR,2016,YR2016,69.9010903640328
Morocco,MAR,2017,YR2017,71.5253186951615
Morocco,MAR,2018,YR2018,73.1541232511864
Morocco,MAR,2019,YR2019,73.5840758093087
Morocco,MAR,2020,YR2020,73.9121802066915
Morocco,MAR,2021,YR2021,74.5927129602629
Morocco,MAR,2022,YR2022,74.8241993528604
Morocco,MAR,2023,YR2023,..
Morocco,MAR,2024,YR2024,..
Mozambique,MOZ,2000,YR2000,..
Mozambique,MOZ,2001,YR2001,..
Mozambique,MOZ,2002,YR2002,..
Mozambique,MOZ,2003,YR2003,..
Mozambique,MOZ,2004,YR2004,..
Mozambique,MOZ,2005,YR2005,..
Mozambique,MOZ,2006,YR2006,..
Mozambique,MOZ,2007,YR2007,..
Mozambique,MOZ,2008,YR2008,..
Mozambique,MOZ,2009,YR2009,..
Mozambique,MOZ,2010,YR2010,..
Mozambique,MOZ,2011,YR2011,..
Mozambique,MOZ,2012,YR2012,..
Mozambique,MOZ,2013,YR2013,..
Mozambique,MOZ,2014,YR2014,..
Mozambique,MOZ,2015,YR2015,..
Mozambique,MOZ,2016,YR2016,..
Mozambique,MOZ,2017,YR2017,..
Mozambique,MOZ,2018,YR2018,..
Mozambique,MOZ,2019,YR2019,..
Mozambique,MOZ,2020,YR2020,..
Mozambique,MOZ,2021,YR2021,..
Mozambique,MOZ,2022,YR2022,..
Mozambique,MOZ,2023,YR2023,..
Mozambique,MOZ,2024,YR2024,..
Myanmar,MMR,2000,YR2000,27.5142565951058
Myanmar,MMR,2001,YR2001,28.9612262131022
Myanmar,MMR,2002,YR2002,30.4343032817297
Myanmar,MMR,2003,YR2003,31.93373856325
Myanmar,MMR,2004,YR2004,33.4594569762946
Myanmar,MMR,2005,YR2005,35.0113823110854
Myanmar,MMR,2006,YR2006,36.589093422906
Myanmar,MMR,2007,YR2007,38.1928484476628
Myanmar,MMR,2008,YR2008,39.8225682572276
Myanmar,MMR,2009,YR2009,41.477826226413
Myanmar,MMR,2010,YR2010,43.1592342519646
Myanmar,MMR,2011,YR2011,44.6684450068363
Myanmar,MMR,2012,YR2012,45.9844227449976
Myanmar,MMR,2013,YR2013,47.3160815381986
Myanmar,MMR,2014,YR2014,48.6638585833252
Myanmar,MMR,2015,YR2015,50.0312744185068
Myanmar,MMR,2016,YR2016,51.4178037948084
Myanmar,MMR,2017,YR2017,52.8225744437326
Myanmar,MMR,2018,YR2018,54.2449405890936
Myanmar,MMR,2019,YR2019,55.6836944657001
Myanmar,MMR,2020,YR2020,56.7710258366465
Myanmar,MMR,2021,YR2021,57.3254756258899
Myanmar,MMR,2022,YR2022,57.3964993719658
Myanmar,MMR,2023,YR2023,..
Myanmar,MMR,2024,YR2024,..
Namibia,NAM,2000,YR2000,..
Namibia,NAM,2001,YR2001,..
Namibia,NAM,2002,YR2002,..
Namibia,NAM,2003,YR2003,..
Namibia,NAM,2004,YR2004,..
Namibia,NAM,2005,YR2005,..
Namibia,NAM,2006,YR2006,..
Namibia,NAM,2007,YR2007,..
Namibia,NAM,2008,YR2008,..
Namibia,NAM,2009,YR2009,..
Namibia,NAM,2010,YR2010,..
Namibia,NAM,2011,YR2011,..
Namibia,NAM,2012,YR2012,..
Namibia,NAM,2013,YR2013,..
Namibia,NAM,2014,YR2014,..
Namibia,NAM,2015,YR2015,..
Namibia,NAM,2016,YR2016,..
Namibia,NAM,2017,YR2017,..
Namibia,NAM,2018,YR2018,..
Namibia,NAM,2019,YR2019,..
Namibia,NAM,2020,YR2020,..
Namibia,NAM,2021,YR2021,..
Namibia,NAM,2022,YR2022,..
Namibia,NAM,2023,YR2023,..
Namibia,NAM,2024,YR2024,..
Nauru,NRU,2000,YR2000,..
Nauru,NRU,2001,YR2001,..
Nauru,NRU,2002,YR2002,..
Nauru,NRU,2003,YR2003,..
Nauru,NRU,2004,YR2004,..
Nauru,NRU,2005,YR2005,..
Nauru,NRU,2006,YR2006,..
Nauru,NRU,2007,YR2007,..
Nauru,NRU,2008,YR2008,..
Nauru,NRU,2009,YR2009,..
Nauru,NRU,2010,YR2010,..
Nauru,NRU,2011,YR2011,..
Nauru,NRU,2012,YR2012,..
Nauru,NRU,2013,YR2013,..
Nauru,NRU,2014,YR2014,..
Nauru,NRU,2015,YR2015,..
Nauru,NRU,2016,YR2016,..
Nauru,NRU,2017,YR2017,..
Nauru,NRU,2018,YR2018,..
Nauru,NRU,2019,YR2019,..
Nauru,NRU,2020,YR2020,..
Nauru,NRU,2021,YR2021,..
Nauru,NRU,2022,YR2022,..
Nauru,NRU,2023,YR2023,..
Nauru,NRU,2024,YR2024,..
Nepal,NPL,2000,YR2000,26.7410655283817
Nepal,NPL,2001,YR2001,27.0376871451692
Nepal,NPL,2002,YR2002,27.2995745029258
Nepal,NPL,2003,YR2003,27.5605430954699
Nepal,NPL,2004,YR2004,27.8205510220552
Nepal,NPL,2005,YR2005,28.0795590419156
Nepal,NPL,2006,YR2006,28.3375311333259
Nepal,NPL,2007,YR2007,28.5945370855496
Nepal,NPL,2008,YR2008,28.8504224550179
Nepal,NPL,2009,YR2009,29.1051468201498
Nepal,NPL,2010,YR2010,29.358671635599
Nepal,NPL,2011,YR2011,29.6110595104759
Nepal,NPL,2012,YR2012,29.8626529684017
Nepal,NPL,2013,YR2013,28.4325660047717
Nepal,NPL,2014,YR2014,26.9763865296721
Nepal,NPL,2015,YR2015,25.4942189360671
Nepal,NPL,2016,YR2016,23.9865548091818
Nepal,NPL,2017,YR2017,22.4536265748055
Nepal,NPL,2018,YR2018,20.8958654198582
Nepal,NPL,2019,YR2019,19.3135408018988
Nepal,NPL,2020,YR2020,17.7071179880758
Nepal,NPL,2021,YR2021,16.0769008740826
Nepal,NPL,2022,YR2022,16.1166371410422
Nepal,NPL,2023,YR2023,..
Nepal,NPL,2024,YR2024,..
Netherlands,NLD,2000,YR2000,99.993870446793
Netherlands,NLD,2001,YR2001,99.9926909475639
Netherlands,NLD,2002,YR2002,99.9915103878702
Netherlands,NLD,2003,YR2003,99.9903329126133
Netherlands,NLD,2004,YR2004,99.9891493309806
Netherlands,NLD,2005,YR2005,99.9879693141635
Netherlands,NLD,2006,YR2006,99.9867865989515
Netherlands,NLD,2007,YR2007,99.9856097599668
Netherlands,NLD,2008,YR2008,99.9844278924442
Netherlands,NLD,2009,YR2009,99.983243966279
Netherlands,NLD,2010,YR2010,99.9820641587202
Netherlands,NLD,2011,YR2011,99.9808838786015
Netherlands,NLD,2012,YR2012,99.9797038656982
Netherlands,NLD,2013,YR2013,99.9785206663731
Netherlands,NLD,2014,YR2014,99.9773412392903
Netherlands,NLD,2015,YR2015,99.97616034769
Netherlands,NLD,2016,YR2016,99.9749763033033
Netherlands,NLD,2017,YR2017,99.9737989276451
Netherlands,NLD,2018,YR2018,99.9726179948876
Netherlands,NLD,2019,YR2019,99.9714383332555
Netherlands,NLD,2020,YR2020,99.9702576817895
Netherlands,NLD,2021,YR2021,99.9690762981639
Netherlands,NLD,2022,YR2022,99.9678911890245
Netherlands,NLD,2023,YR2023,..
Netherlands,NLD,2024,YR2024,..
New Caledonia,NCL,2000,YR2000,87.0439625056997
New Caledonia,NCL,2001,YR2001,87.0439625056997
New Caledonia,NCL,2002,YR2002,87.0439625056997
New Caledonia,NCL,2003,YR2003,87.7061108360597
New Caledonia,NCL,2004,YR2004,88.3704550509375
New Caledonia,NCL,2005,YR2005,89.0369951503331
New Caledonia,NCL,2006,YR2006,89.7057311342468
New Caledonia,NCL,2007,YR2007,90.3766630026782
New Caledonia,NCL,2008,YR2008,91.0497907556275
New Caledonia,NCL,2009,YR2009,91.7251143930947
New Caledonia,NCL,2010,YR2010,92.4026339150797
New Caledonia,NCL,2011,YR2011,93.0823493215826
New Caledonia,NCL,2012,YR2012,93.7642606126034
New Caledonia,NCL,2013,YR2013,94.4483677881421
New Caledonia,NCL,2014,YR2014,95.1346708481986
New Caledonia,NCL,2015,YR2015,95.5027748830163
New Caledonia,NCL,2016,YR2016,95.7298599716487
New Caledonia,NCL,2017,YR2017,95.9569450602811
New Caledonia,NCL,2018,YR2018,96.1840301489134
New Caledonia,NCL,2019,YR2019,96.4111152375459
New Caledonia,NCL,2020,YR2020,96.6382003261782
New Caledonia,NCL,2021,YR2021,96.8652854148107
New Caledonia,NCL,2022,YR2022,96.8652854148107
New Caledonia,NCL,2023,YR2023,..
New Caledonia,NCL,2024,YR2024,..
New Zealand,NZL,2000,YR2000,84.3935712361748
New Zealand,NZL,2001,YR2001,84.3935709836062
New Zealand,NZL,2002,YR2002,84.3935710946164
New Zealand,NZL,2003,YR2003,84.3935709877851
New Zealand,NZL,2004,YR2004,84.3935700958382
New Zealand,NZL,2005,YR2005,84.393571548223
New Zealand,NZL,2006,YR2006,85.3742837795356
New Zealand,NZL,2007,YR2007,86.3550003795552
New Zealand,NZL,2008,YR2008,87.3357120635255
New Zealand,NZL,2009,YR2009,88.3164307962988
New Zealand,NZL,2010,YR2010,89.2971418639827
New Zealand,NZL,2011,YR2011,90.2778592859005
New Zealand,NZL,2012,YR2012,91.2585726207991
New Zealand,NZL,2013,YR2013,92.2392853398606
New Zealand,NZL,2014,YR2014,93.2199988908469
New Zealand,NZL,2015,YR2015,94.2007135843335
New Zealand,NZL,2016,YR2016,95.181429686498
New Zealand,NZL,2017,YR2017,96.1621456172606
New Zealand,NZL,2018,YR2018,97.1428571624635
New Zealand,NZL,2019,YR2019,98.1235749840178
New Zealand,NZL,2020,YR2020,99.1042880185472
New Zealand,NZL,2021,YR2021,99.9999962306108
New Zealand,NZL,2022,YR2022,100
New Zealand,NZL,2023,YR2023,..
New Zealand,NZL,2024,YR2024,..
Nicaragua,NIC,2000,YR2000,47.8490215460833
Nicaragua,NIC,2001,YR2001,47.9499921044848
Nicaragua,NIC,2002,YR2002,48.0510522344945
Nicaragua,NIC,2003,YR2003,48.1525882816235
Nicaragua,NIC,2004,YR2004,48.2546003543848
Nicaragua,NIC,2005,YR2005,48.3586973787552
Nicaragua,NIC,2006,YR2006,48.4810269788073
Nicaragua,NIC,2007,YR2007,48.6035816204254
Nicaragua,NIC,2008,YR2008,49.6355430745242
Nicaragua,NIC,2009,YR2009,50.6562652473173
Nicaragua,NIC,2010,YR2010,51.6661862480285
Nicaragua,NIC,2011,YR2011,52.6653540107565
Nicaragua,NIC,2012,YR2012,53.6538161414133
Nicaragua,NIC,2013,YR2013,54.6316167767009
Nicaragua,NIC,2014,YR2014,55.0807962688073
Nicaragua,NIC,2015,YR2015,55.1675448814715
Nicaragua,NIC,2016,YR2016,55.2550711039367
Nicaragua,NIC,2017,YR2017,55.3108450794464
Nicaragua,NIC,2018,YR2018,55.3749850927099
Nicaragua,NIC,2019,YR2019,55.4434373647134
Nicaragua,NIC,2020,YR2020,55.5159170451418
Nicaragua,NIC,2021,YR2021,..
Nicaragua,NIC,2022,YR2022,..
Nicaragua,NIC,2023,YR2023,..
Nicaragua,NIC,2024,YR2024,..
Niger,NER,2000,YR2000,..
Niger,NER,2001,YR2001,..
Niger,NER,2002,YR2002,..
Niger,NER,2003,YR2003,..
Niger,NER,2004,YR2004,..
Niger,NER,2005,YR2005,..
Niger,NER,2006,YR2006,..
Niger,NER,2007,YR2007,..
Niger,NER,2008,YR2008,..
Niger,NER,2009,YR2009,..
Niger,NER,2010,YR2010,..
Niger,NER,2011,YR2011,..
Niger,NER,2012,YR2012,..
Niger,NER,2013,YR2013,..
Niger,NER,2014,YR2014,..
Niger,NER,2015,YR2015,..
Niger,NER,2016,YR2016,..
Niger,NER,2017,YR2017,..
Niger,NER,2018,YR2018,..
Niger,NER,2019,YR2019,..
Niger,NER,2020,YR2020,..
Niger,NER,2021,YR2021,..
Niger,NER,2022,YR2022,..
Niger,NER,2023,YR2023,..
Niger,NER,2024,YR2024,..
Nigeria,NGA,2000,YR2000,12.6008086269673
Nigeria,NGA,2001,YR2001,12.9658196398697
Nigeria,NGA,2002,YR2002,13.7774329888091
Nigeria,NGA,2003,YR2003,14.6139093044158
Nigeria,NGA,2004,YR2004,15.4754925111954
Nigeria,NGA,2005,YR2005,16.3622733523552
Nigeria,NGA,2006,YR2006,17.2747034549588
Nigeria,NGA,2007,YR2007,18.213123205641
Nigeria,NGA,2008,YR2008,19.1778711277023
Nigeria,NGA,2009,YR2009,20.168649339923
Nigeria,NGA,2010,YR2010,21.1862201415227
Nigeria,NGA,2011,YR2011,22.2287981949627
Nigeria,NGA,2012,YR2012,23.2016363518397
Nigeria,NGA,2013,YR2013,23.7916719327254
Nigeria,NGA,2014,YR2014,24.3798102403874
Nigeria,NGA,2015,YR2015,24.9658810588384
Nigeria,NGA,2016,YR2016,25.5492148689276
Nigeria,NGA,2017,YR2017,26.1300144970828
Nigeria,NGA,2018,YR2018,26.7078130620546
Nigeria,NGA,2019,YR2019,27.282337905613
Nigeria,NGA,2020,YR2020,27.853490832428
Nigeria,NGA,2021,YR2021,28.421029304786
Nigeria,NGA,2022,YR2022,28.9848848748333
Nigeria,NGA,2023,YR2023,..
Nigeria,NGA,2024,YR2024,..
North Macedonia,MKD,2000,YR2000,80.4744443822639
North Macedonia,MKD,2001,YR2001,80.4527398776307
North Macedonia,MKD,2002,YR2002,80.4310344832757
North Macedonia,MKD,2003,YR2003,80.4093282272604
North Macedonia,MKD,2004,YR2004,80.3875196455882
North Macedonia,MKD,2005,YR2005,80.3709175851592
North Macedonia,MKD,2006,YR2006,80.3575054814681
North Macedonia,MKD,2007,YR2007,80.3472736536351
North Macedonia,MKD,2008,YR2008,80.34018652587
North Macedonia,MKD,2009,YR2009,80.3363198285262
North Macedonia,MKD,2010,YR2010,80.3355569904835
North Macedonia,MKD,2011,YR2011,80.3379701106619
North Macedonia,MKD,2012,YR2012,80.3434303448446
North Macedonia,MKD,2013,YR2013,80.3520105759413
North Macedonia,MKD,2014,YR2014,80.3636938911957
North Macedonia,MKD,2015,YR2015,80.3782453257937
North Macedonia,MKD,2016,YR2016,80.3958472003969
North Macedonia,MKD,2017,YR2017,80.4163694528072
North Macedonia,MKD,2018,YR2018,80.3237909019868
North Macedonia,MKD,2019,YR2019,80.3507339051838
North Macedonia,MKD,2020,YR2020,80.3805030592556
North Macedonia,MKD,2021,YR2021,80.4131821507929
North Macedonia,MKD,2022,YR2022,80.4470258702833
North Macedonia,MKD,2023,YR2023,..
North Macedonia,MKD,2024,YR2024,..
Northern Mariana Islands,MNP,2000,YR2000,82.0275458789739
Northern Mariana Islands,MNP,2001,YR2001,82.204659223948
Northern Mariana Islands,MNP,2002,YR2002,82.3817725689221
Northern Mariana Islands,MNP,2003,YR2003,82.5588859138963
Northern Mariana Islands,MNP,2004,YR2004,83.1226913683569
Northern Mariana Islands,MNP,2005,YR2005,83.6881524100733
Northern Mariana Islands,MNP,2006,YR2006,84.2552690390455
Northern Mariana Islands,MNP,2007,YR2007,84.8240412552737
Northern Mariana Islands,MNP,2008,YR2008,85.3944690587576
Northern Mariana Islands,MNP,2009,YR2009,85.9665524494974
Northern Mariana Islands,MNP,2010,YR2010,86.540291427493
Northern Mariana Islands,MNP,2011,YR2011,87.1156859927445
Northern Mariana Islands,MNP,2012,YR2012,87.6927361452518
Northern Mariana Islands,MNP,2013,YR2013,88.271441885015
Northern Mariana Islands,MNP,2014,YR2014,88.8518032120341
Northern Mariana Islands,MNP,2015,YR2015,89.4338201263089
Northern Mariana Islands,MNP,2016,YR2016,89.8474226804124
Northern Mariana Islands,MNP,2017,YR2017,90.2432989690722
Northern Mariana Islands,MNP,2018,YR2018,90.6391752577319
Northern Mariana Islands,MNP,2019,YR2019,90.6391752577319
Northern Mariana Islands,MNP,2020,YR2020,90.6391752577319
Northern Mariana Islands,MNP,2021,YR2021,90.6391752577319
Northern Mariana Islands,MNP,2022,YR2022,90.6391752577319
Northern Mariana Islands,MNP,2023,YR2023,..
Northern Mariana Islands,MNP,2024,YR2024,..
Norway,NOR,2000,YR2000,99.9088286315859
Norway,NOR,2001,YR2001,99.9088273317647
Norway,NOR,2002,YR2002,99.9088250998136
Norway,NOR,2003,YR2003,99.8545391242545
Norway,NOR,2004,YR2004,99.8002580500936
Norway,NOR,2005,YR2005,99.7459664137081
Norway,NOR,2006,YR2006,99.6916844985022
Norway,NOR,2007,YR2007,99.6373982036877
Norway,NOR,2008,YR2008,99.583110118086
Norway,NOR,2009,YR2009,99.5288262208088
Norway,NOR,2010,YR2010,99.4745399725474
Norway,NOR,2011,YR2011,99.4202515821044
Norway,NOR,2012,YR2012,99.3659666376609
Norway,NOR,2013,YR2013,99.3116805559943
Norway,NOR,2014,YR2014,99.257391040286
Norway,NOR,2015,YR2015,99.2031105190304
Norway,NOR,2016,YR2016,99.1488222801754
Norway,NOR,2017,YR2017,99.0945373884365
Norway,NOR,2018,YR2018,99.0402463525688
Norway,NOR,2019,YR2019,98.9859634045501
Norway,NOR,2020,YR2020,98.9316806552341
Norway,NOR,2021,YR2021,98.877395807563
Norway,NOR,2022,YR2022,98.8231103374865
Norway,NOR,2023,YR2023,..
Norway,NOR,2024,YR2024,..
Oman,OMN,2000,YR2000,83.8983268694245
Oman,OMN,2001,YR2001,83.8937495081906
Oman,OMN,2002,YR2002,83.889172068992
Oman,OMN,2003,YR2003,83.8845949168068
Oman,OMN,2004,YR2004,83.9573775080422
Oman,OMN,2005,YR2005,84.3256624573211
Oman,OMN,2006,YR2006,84.6906170637599
Oman,OMN,2007,YR2007,85.052044330617
Oman,OMN,2008,YR2008,85.4099844312644
Oman,OMN,2009,YR2009,85.7640264623282
Oman,OMN,2010,YR2010,86.1146667055764
Oman,OMN,2011,YR2011,86.56857596342
Oman,OMN,2012,YR2012,87.0961615828827
Oman,OMN,2013,YR2013,87.6055353168201
Oman,OMN,2014,YR2014,88.0987151814372
Oman,OMN,2015,YR2015,88.5753586061443
Oman,OMN,2016,YR2016,89.0363870387066
Oman,OMN,2017,YR2017,89.4748667060915
Oman,OMN,2018,YR2018,89.8931003871863
Oman,OMN,2019,YR2019,90.2677629317846
Oman,OMN,2020,YR2020,90.5571638219463
Oman,OMN,2021,YR2021,90.7106521454672
Oman,OMN,2022,YR2022,90.851749132955
Oman,OMN,2023,YR2023,..
Oman,OMN,2024,YR2024,..
Pakistan,PAK,2000,YR2000,34.8270420774854
Pakistan,PAK,2001,YR2001,34.9371607620548
Pakistan,PAK,2002,YR2002,35.0472841421609
Pakistan,PAK,2003,YR2003,35.1570729973998
Pakistan,PAK,2004,YR2004,35.2666940016706
Pakistan,PAK,2005,YR2005,35.565157544645
Pakistan,PAK,2006,YR2006,35.8658677303163
Pakistan,PAK,2007,YR2007,36.1688417218027
Pakistan,PAK,2008,YR2008,36.4739099301454
Pakistan,PAK,2009,YR2009,37.465391546395
Pakistan,PAK,2010,YR2010,38.4596000189617
Pakistan,PAK,2011,YR2011,39.4564777334186
Pakistan,PAK,2012,YR2012,40.4559675816411
Pakistan,PAK,2013,YR2013,41.4576946375675
Pakistan,PAK,2014,YR2014,42.4619393647799
Pakistan,PAK,2015,YR2015,43.4686382993372
Pakistan,PAK,2016,YR2016,44.4777304404909
Pakistan,PAK,2017,YR2017,45.4890231052146
Pakistan,PAK,2018,YR2018,46.5044850703905
Pakistan,PAK,2019,YR2019,47.5238831569408
Pakistan,PAK,2020,YR2020,48.5468342411643
Pakistan,PAK,2021,YR2021,49.5729660428075
Pakistan,PAK,2022,YR2022,50.6017785742925
Pakistan,PAK,2023,YR2023,..
Pakistan,PAK,2024,YR2024,..
Palau,PLW,2000,YR2000,65.4309215500884
Palau,PLW,2001,YR2001,66.3145590263617
Palau,PLW,2002,YR2002,67.1925222220041
Palau,PLW,2003,YR2003,68.0647733084561
Palau,PLW,2004,YR2004,69.1379017535673
Palau,PLW,2005,YR2005,70.2256286136504
Palau,PLW,2006,YR2006,71.3281474162699
Palau,PLW,2007,YR2007,72.4446174353753
Palau,PLW,2008,YR2008,73.5750916727562
Palau,PLW,2009,YR2009,74.7184271696009
Palau,PLW,2010,YR2010,75.874684894228
Palau,PLW,2011,YR2011,77.0429041880734
Palau,PLW,2012,YR2012,78.2234817136566
Palau,PLW,2013,YR2013,79.4148311069078
Palau,PLW,2014,YR2014,80.6170864727472
Palau,PLW,2015,YR2015,81.8297947954845
Palau,PLW,2016,YR2016,83.0481763870984
Palau,PLW,2017,YR2017,84.2713419813323
Palau,PLW,2018,YR2018,85.4987785120794
Palau,PLW,2019,YR2019,86.7296496642232
Palau,PLW,2020,YR2020,87.9642432501855
Palau,PLW,2021,YR2021,89.2014342727584
Palau,PLW,2022,YR2022,90.4408486187601
Palau,PLW,2023,YR2023,..
Palau,PLW,2024,YR2024,..
Panama,PAN,2000,YR2000,..
Panama,PAN,2001,YR2001,..
Panama,PAN,2002,YR2002,..
Panama,PAN,2003,YR2003,..
Panama,PAN,2004,YR2004,..
Panama,PAN,2005,YR2005,..
Panama,PAN,2006,YR2006,..
Panama,PAN,2007,YR2007,..
Panama,PAN,2008,YR2008,..
Panama,PAN,2009,YR2009,..
Panama,PAN,2010,YR2010,..
Panama,PAN,2011,YR2011,..
Panama,PAN,2012,YR2012,..
Panama,PAN,2013,YR2013,..
Panama,PAN,2014,YR2014,..
Panama,PAN,2015,YR2015,..
Panama,PAN,2016,YR2016,..
Panama,PAN,2017,YR2017,..
Panama,PAN,2018,YR2018,..
Panama,PAN,2019,YR2019,..
Panama,PAN,2020,YR2020,..
Panama,PAN,2021,YR2021,..
Panama,PAN,2022,YR2022,..
Panama,PAN,2023,YR2023,..
Panama,PAN,2024,YR2024,..
Papua New Guinea,PNG,2000,YR2000,..
Papua New Guinea,PNG,2001,YR2001,..
Papua New Guinea,PNG,2002,YR2002,..
Papua New Guinea,PNG,2003,YR2003,..
Papua New Guinea,PNG,2004,YR2004,..
Papua New Guinea,PNG,2005,YR2005,..
Papua New Guinea,PNG,2006,YR2006,..
Papua New Guinea,PNG,2007,YR2007,..
Papua New Guinea,PNG,2008,YR2008,..
Papua New Guinea,PNG,2009,YR2009,..
Papua New Guinea,PNG,2010,YR2010,..
Papua New Guinea,PNG,2011,YR2011,..
Papua New Guinea,PNG,2012,YR2012,..
Papua New Guinea,PNG,2013,YR2013,..
Papua New Guinea,PNG,2014,YR2014,..
Papua New Guinea,PNG,2015,YR2015,..
Papua New Guinea,PNG,2016,YR2016,..
Papua New Guinea,PNG,2017,YR2017,..
Papua New Guinea,PNG,2018,YR2018,..
Papua New Guinea,PNG,2019,YR2019,..
Papua New Guinea,PNG,2020,YR2020,..
Papua New Guinea,PNG,2021,YR2021,..
Papua New Guinea,PNG,2022,YR2022,..
Papua New Guinea,PNG,2023,YR2023,..
Papua New Guinea,PNG,2024,YR2024,..
Paraguay,PRY,2000,YR2000,49.8363406977831
Paraguay,PRY,2001,YR2001,50.7923976210312
Paraguay,PRY,2002,YR2002,51.734895397557
Paraguay,PRY,2003,YR2003,52.5689888184747
Paraguay,PRY,2004,YR2004,53.3776089654459
Paraguay,PRY,2005,YR2005,54.1794188710187
Paraguay,PRY,2006,YR2006,54.9740890307161
Paraguay,PRY,2007,YR2007,55.7616473764269
Paraguay,PRY,2008,YR2008,56.5424407687472
Paraguay,PRY,2009,YR2009,57.3161639642248
Paraguay,PRY,2010,YR2010,58.0828478054046
Paraguay,PRY,2011,YR2011,58.8425200380271
Paraguay,PRY,2012,YR2012,59.5954947575113
Paraguay,PRY,2013,YR2013,60.3329577140855
Paraguay,PRY,2014,YR2014,61.061071762889
Paraguay,PRY,2015,YR2015,61.7831924379874
Paraguay,PRY,2016,YR2016,62.499589919327
Paraguay,PRY,2017,YR2017,63.2098061082128
Paraguay,PRY,2018,YR2018,63.9167043454898
Paraguay,PRY,2019,YR2019,64.0189287156062
Paraguay,PRY,2020,YR2020,64.084221431351
Paraguay,PRY,2021,YR2021,64.1514476084887
Paraguay,PRY,2022,YR2022,64.2206042704366
Paraguay,PRY,2023,YR2023,..
Paraguay,PRY,2024,YR2024,..
Peru,PER,2000,YR2000,44.8984082273486
Peru,PER,2001,YR2001,45.2970342463624
Peru,PER,2002,YR2002,45.6919055303477
Peru,PER,2003,YR2003,46.0834622820292
Peru,PER,2004,YR2004,46.4713175637238
Peru,PER,2005,YR2005,46.8550889845653
Peru,PER,2006,YR2006,47.2356370534844
Peru,PER,2007,YR2007,47.6121663782402
Peru,PER,2008,YR2008,47.9330066058152
Peru,PER,2009,YR2009,48.2284832138322
Peru,PER,2010,YR2010,48.5229924626543
Peru,PER,2011,YR2011,48.8157378335811
Peru,PER,2012,YR2012,49.1075284045421
Peru,PER,2013,YR2013,49.3975732778675
Peru,PER,2014,YR2014,49.6862851582852
Peru,PER,2015,YR2015,49.9740518201525
Peru,PER,2016,YR2016,50.2601122519687
Peru,PER,2017,YR2017,50.5448533651236
Peru,PER,2018,YR2018,50.8309405945818
Peru,PER,2019,YR2019,51.117947943385
Peru,PER,2020,YR2020,51.4062095308154
Peru,PER,2021,YR2021,51.6953125922784
Peru,PER,2022,YR2022,51.9852117120259
Peru,PER,2023,YR2023,..
Peru,PER,2024,YR2024,..
Philippines,PHL,2000,YR2000,40.574426909416
Philippines,PHL,2001,YR2001,40.6824404070805
Philippines,PHL,2002,YR2002,41.8281839506723
Philippines,PHL,2003,YR2003,42.9920581008632
Philippines,PHL,2004,YR2004,44.1741341319541
Philippines,PHL,2005,YR2005,44.5322162298932
Philippines,PHL,2006,YR2006,44.6699867918066
Philippines,PHL,2007,YR2007,44.8079588583252
Philippines,PHL,2008,YR2008,44.9461396233626
Philippines,PHL,2009,YR2009,45.0848068946974
Philippines,PHL,2010,YR2010,45.2364444152504
Philippines,PHL,2011,YR2011,45.4528855206827
Philippines,PHL,2012,YR2012,45.6688676217735
Philippines,PHL,2013,YR2013,45.8846745595854
Philippines,PHL,2014,YR2014,46.0997446650047
Philippines,PHL,2015,YR2015,46.3146333552089
Philippines,PHL,2016,YR2016,46.529064943606
Philippines,PHL,2017,YR2017,46.7474437444808
Philippines,PHL,2018,YR2018,46.9702590230394
Philippines,PHL,2019,YR2019,47.1971746159191
Philippines,PHL,2020,YR2020,47.428127091221
Philippines,PHL,2021,YR2021,47.6630581728186
Philippines,PHL,2022,YR2022,47.9019041200159
Philippines,PHL,2023,YR2023,..
Philippines,PHL,2024,YR2024,..
Poland,POL,2000,YR2000,..
Poland,POL,2001,YR2001,..
Poland,POL,2002,YR2002,..
Poland,POL,2003,YR2003,..
Poland,POL,2004,YR2004,..
Poland,POL,2005,YR2005,91.9585015757432
Poland,POL,2006,YR2006,92.3434064475169
Poland,POL,2007,YR2007,92.7299624074124
Poland,POL,2008,YR2008,93.1181981616727
Poland,POL,2009,YR2009,93.5083337405967
Poland,POL,2010,YR2010,93.235046549518
Poland,POL,2011,YR2011,92.951792338799
Poland,POL,2012,YR2012,92.6569862717907
Poland,POL,2013,YR2013,92.3521229835978
Poland,POL,2014,YR2014,92.036903592949
Poland,POL,2015,YR2015,91.7114454501724
Poland,POL,2016,YR2016,91.3784156152455
Poland,POL,2017,YR2017,91.0381221995915
Poland,POL,2018,YR2018,90.6905867680132
Poland,POL,2019,YR2019,90.3359777043778
Poland,POL,2020,YR2020,89.6191876786659
Poland,POL,2021,YR2021,88.9061779521799
Poland,POL,2022,YR2022,88.9144993074404
Poland,POL,2023,YR2023,..
Poland,POL,2024,YR2024,..
Portugal,PRT,2000,YR2000,93.6589395549153
Portugal,PRT,2001,YR2001,93.6934325758925
Portugal,PRT,2002,YR2002,93.7277817934636
Portugal,PRT,2003,YR2003,93.7634108920033
Portugal,PRT,2004,YR2004,93.8003254958028
Portugal,PRT,2005,YR2005,93.8382334033863
Portugal,PRT,2006,YR2006,93.8774821385844
Portugal,PRT,2007,YR2007,93.9178431707576
Portugal,PRT,2008,YR2008,93.9593932434184
Portugal,PRT,2009,YR2009,94.0018959159507
Portugal,PRT,2010,YR2010,94.1239405394871
Portugal,PRT,2011,YR2011,94.2445698993101
Portugal,PRT,2012,YR2012,94.3637135468122
Portugal,PRT,2013,YR2013,94.452350921808
Portugal,PRT,2014,YR2014,94.5389069370452
Portugal,PRT,2015,YR2015,94.6233415941133
Portugal,PRT,2016,YR2016,94.7056822977116
Portugal,PRT,2017,YR2017,94.78596065421
Portugal,PRT,2018,YR2018,94.8641372300634
Portugal,PRT,2019,YR2019,94.9403114294342
Portugal,PRT,2020,YR2020,95.0144446619063
Portugal,PRT,2021,YR2021,95.0865778018333
Portugal,PRT,2022,YR2022,95.1567339921988
Portugal,PRT,2023,YR2023,..
Portugal,PRT,2024,YR2024,..
Puerto Rico (US),PRI,2000,YR2000,75.1319512677845
Puerto Rico (US),PRI,2001,YR2001,75.2459324516994
Puerto Rico (US),PRI,2002,YR2002,75.3599136356142
Puerto Rico (US),PRI,2003,YR2003,75.4738948195291
Puerto Rico (US),PRI,2004,YR2004,75.587876003444
Puerto Rico (US),PRI,2005,YR2005,75.7018571873588
Puerto Rico (US),PRI,2006,YR2006,75.8158383712737
Puerto Rico (US),PRI,2007,YR2007,75.9298195551886
Puerto Rico (US),PRI,2008,YR2008,76.0438007391034
Puerto Rico (US),PRI,2009,YR2009,78.8324544859335
Puerto Rico (US),PRI,2010,YR2010,81.6291143048325
Puerto Rico (US),PRI,2011,YR2011,84.4337801957985
Puerto Rico (US),PRI,2012,YR2012,87.2464521588333
Puerto Rico (US),PRI,2013,YR2013,90.0671301939352
Puerto Rico (US),PRI,2014,YR2014,92.8958143011051
Puerto Rico (US),PRI,2015,YR2015,95.7325044803439
Puerto Rico (US),PRI,2016,YR2016,98.5772007316497
Puerto Rico (US),PRI,2017,YR2017,99.4461459442471
Puerto Rico (US),PRI,2018,YR2018,99.7411658091642
Puerto Rico (US),PRI,2019,YR2019,99.8731075904989
Puerto Rico (US),PRI,2020,YR2020,99.8731075904989
Puerto Rico (US),PRI,2021,YR2021,99.8731075904989
Puerto Rico (US),PRI,2022,YR2022,99.8731075904989
Puerto Rico (US),PRI,2023,YR2023,..
Puerto Rico (US),PRI,2024,YR2024,..
Qatar,QAT,2000,YR2000,96.3402204469615
Qatar,QAT,2001,YR2001,96.3402204469615
Qatar,QAT,2002,YR2002,96.3402204469615
Qatar,QAT,2003,YR2003,96.3402204469615
Qatar,QAT,2004,YR2004,96.3402204469615
Qatar,QAT,2005,YR2005,96.3402204469615
Qatar,QAT,2006,YR2006,96.3402204469615
Qatar,QAT,2007,YR2007,96.3402204469615
Qatar,QAT,2008,YR2008,96.3402204469615
Qatar,QAT,2009,YR2009,96.6858383428072
Qatar,QAT,2010,YR2010,97.0314980330812
Qatar,QAT,2011,YR2011,97.3771995177836
Qatar,QAT,2012,YR2012,97.7229427969143
Qatar,QAT,2013,YR2013,97.5792666389788
Qatar,QAT,2014,YR2014,97.422271017574
Qatar,QAT,2015,YR2015,97.2652553477215
Qatar,QAT,2016,YR2016,97.1082196294212
Qatar,QAT,2017,YR2017,96.9511638626732
Qatar,QAT,2018,YR2018,96.7940880474774
Qatar,QAT,2019,YR2019,96.6369921838338
Qatar,QAT,2020,YR2020,96.6429334754782
Qatar,QAT,2021,YR2021,96.6488747671226
Qatar,QAT,2022,YR2022,96.654816058767
Qatar,QAT,2023,YR2023,..
Qatar,QAT,2024,YR2024,..
Romania,ROU,2000,YR2000,81.6520248035213
Romania,ROU,2001,YR2001,81.6089984086428
Romania,ROU,2002,YR2002,81.588618803031
Romania,ROU,2003,YR2003,81.625979676983
Romania,ROU,2004,YR2004,81.663060110154
Romania,ROU,2005,YR2005,81.7001355471236
Romania,ROU,2006,YR2006,81.7372115100056
Romania,ROU,2007,YR2007,81.7742928943994
Romania,ROU,2008,YR2008,81.8113678871724
Romania,ROU,2009,YR2009,81.8484468932717
Romania,ROU,2010,YR2010,81.8855243973485
Romania,ROU,2011,YR2011,81.9226025450299
Romania,ROU,2012,YR2012,81.926565196603
Romania,ROU,2013,YR2013,81.9160913815374
Romania,ROU,2014,YR2014,81.9056181433721
Romania,ROU,2015,YR2015,81.9019392635462
Romania,ROU,2016,YR2016,81.9056196154783
Romania,ROU,2017,YR2017,81.9158104745692
Romania,ROU,2018,YR2018,81.9333571772162
Romania,ROU,2019,YR2019,81.9576979661815
Romania,ROU,2020,YR2020,81.9888316214229
Romania,ROU,2021,YR2021,82.0270400921502
Romania,ROU,2022,YR2022,82.0723248379512
Romania,ROU,2023,YR2023,..
Romania,ROU,2024,YR2024,..
Russian Federation,RUS,2000,YR2000,74.7442777090824
Russian Federation,RUS,2001,YR2001,74.7430892333141
Russian Federation,RUS,2002,YR2002,74.7897754795531
Russian Federation,RUS,2003,YR2003,74.8473833637628
Russian Federation,RUS,2004,YR2004,74.9087237258286
Russian Federation,RUS,2005,YR2005,74.9699419534107
Russian Federation,RUS,2006,YR2006,75.0310378662127
Russian Federation,RUS,2007,YR2007,75.092005870262
Russian Federation,RUS,2008,YR2008,75.1528518537953
Russian Federation,RUS,2009,YR2009,75.2132890171795
Russian Federation,RUS,2010,YR2010,75.273885515702
Russian Federation,RUS,2011,YR2011,75.3343625770455
Russian Federation,RUS,2012,YR2012,75.3986702075179
Russian Federation,RUS,2013,YR2013,75.4664724352823
Russian Federation,RUS,2014,YR2014,75.5382710493664
Russian Federation,RUS,2015,YR2015,75.6134534687554
Russian Federation,RUS,2016,YR2016,75.692239991669
Russian Federation,RUS,2017,YR2017,75.7745725721537
Russian Federation,RUS,2018,YR2018,75.8601181603772
Russian Federation,RUS,2019,YR2019,75.9488270871563
Russian Federation,RUS,2020,YR2020,76.040643880787
Russian Federation,RUS,2021,YR2021,76.1355091422677
Russian Federation,RUS,2022,YR2022,76.2331071384836
Russian Federation,RUS,2023,YR2023,..
Russian Federation,RUS,2024,YR2024,..
Rwanda,RWA,2000,YR2000,..
Rwanda,RWA,2001,YR2001,..
Rwanda,RWA,2002,YR2002,..
Rwanda,RWA,2003,YR2003,..
Rwanda,RWA,2004,YR2004,..
Rwanda,RWA,2005,YR2005,..
Rwanda,RWA,2006,YR2006,..
Rwanda,RWA,2007,YR2007,..
Rwanda,RWA,2008,YR2008,..
Rwanda,RWA,2009,YR2009,..
Rwanda,RWA,2010,YR2010,..
Rwanda,RWA,2011,YR2011,..
Rwanda,RWA,2012,YR2012,..
Rwanda,RWA,2013,YR2013,..
Rwanda,RWA,2014,YR2014,..
Rwanda,RWA,2015,YR2015,..
Rwanda,RWA,2016,YR2016,..
Rwanda,RWA,2017,YR2017,..
Rwanda,RWA,2018,YR2018,..
Rwanda,RWA,2019,YR2019,..
Rwanda,RWA,2020,YR2020,..
Rwanda,RWA,2021,YR2021,..
Rwanda,RWA,2022,YR2022,..
Rwanda,RWA,2023,YR2023,..
Rwanda,RWA,2024,YR2024,..
Samoa,WSM,2000,YR2000,60.5048563589423
Samoa,WSM,2001,YR2001,60.5307153801122
Samoa,WSM,2002,YR2002,60.4946305190726
Samoa,WSM,2003,YR2003,60.4255758893877
Samoa,WSM,2004,YR2004,60.357089577883
Samoa,WSM,2005,YR2005,60.4735583033148
Samoa,WSM,2006,YR2006,60.5888864028212
Samoa,WSM,2007,YR2007,60.7042816392733
Samoa,WSM,2008,YR2008,60.8195069395278
Samoa,WSM,2009,YR2009,60.9337100770546
Samoa,WSM,2010,YR2010,61.0469144362607
Samoa,WSM,2011,YR2011,61.1588303273119
Samoa,WSM,2012,YR2012,61.2653959807699
Samoa,WSM,2013,YR2013,61.5138417972115
Samoa,WSM,2014,YR2014,61.6150777461248
Samoa,WSM,2015,YR2015,61.7149297657482
Samoa,WSM,2016,YR2016,61.8137415690127
Samoa,WSM,2017,YR2017,61.9122119356019
Samoa,WSM,2018,YR2018,62.0158601884328
Samoa,WSM,2019,YR2019,62.0756427657316
Samoa,WSM,2020,YR2020,62.1070616668144
Samoa,WSM,2021,YR2021,62.1456632322917
Samoa,WSM,2022,YR2022,62.1917137502586
Samoa,WSM,2023,YR2023,..
Samoa,WSM,2024,YR2024,..
San Marino,SMR,2000,YR2000,100
San Marino,SMR,2001,YR2001,100
San Marino,SMR,2002,YR2002,100
San Marino,SMR,2003,YR2003,100
San Marino,SMR,2004,YR2004,100
San Marino,SMR,2005,YR2005,100
San Marino,SMR,2006,YR2006,100
San Marino,SMR,2007,YR2007,100
San Marino,SMR,2008,YR2008,100
San Marino,SMR,2009,YR2009,100
San Marino,SMR,2010,YR2010,100
San Marino,SMR,2011,YR2011,100
San Marino,SMR,2012,YR2012,100
San Marino,SMR,2013,YR2013,100
San Marino,SMR,2014,YR2014,100
San Marino,SMR,2015,YR2015,100
San Marino,SMR,2016,YR2016,100
San Marino,SMR,2017,YR2017,100
San Marino,SMR,2018,YR2018,100
San Marino,SMR,2019,YR2019,100
San Marino,SMR,2020,YR2020,100
San Marino,SMR,2021,YR2021,100
San Marino,SMR,2022,YR2022,100
San Marino,SMR,2023,YR2023,..
San Marino,SMR,2024,YR2024,..
Sao Tome and Principe,STP,2000,YR2000,25.763306991646
Sao Tome and Principe,STP,2001,YR2001,26.2214468654438
Sao Tome and Principe,STP,2002,YR2002,26.71531216508
Sao Tome and Principe,STP,2003,YR2003,27.2192236242942
Sao Tome and Principe,STP,2004,YR2004,27.728031335926
Sao Tome and Principe,STP,2005,YR2005,28.2406302679152
Sao Tome and Principe,STP,2006,YR2006,28.7574512551918
Sao Tome and Principe,STP,2007,YR2007,29.2783621809724
Sao Tome and Principe,STP,2008,YR2008,29.8032189655668
Sao Tome and Principe,STP,2009,YR2009,30.3312736258244
Sao Tome and Principe,STP,2010,YR2010,30.8629506665006
Sao Tome and Principe,STP,2011,YR2011,31.3977789056686
Sao Tome and Principe,STP,2012,YR2012,31.9358788902273
Sao Tome and Principe,STP,2013,YR2013,32.4722065446524
Sao Tome and Principe,STP,2014,YR2014,33.0073478566287
Sao Tome and Principe,STP,2015,YR2015,33.5409651625249
Sao Tome and Principe,STP,2016,YR2016,34.0730247431018
Sao Tome and Principe,STP,2017,YR2017,34.6035063047367
Sao Tome and Principe,STP,2018,YR2018,35.1323853007535
Sao Tome and Principe,STP,2019,YR2019,35.5375297781868
Sao Tome and Principe,STP,2020,YR2020,35.8663794193322
Sao Tome and Principe,STP,2021,YR2021,36.1882151957648
Sao Tome and Principe,STP,2022,YR2022,36.3006918200211
Sao Tome and Principe,STP,2023,YR2023,..
Sao Tome and Principe,STP,2024,YR2024,..
Saudi Arabia,SAU,2000,YR2000,..
Saudi Arabia,SAU,2001,YR2001,..
Saudi Arabia,SAU,2002,YR2002,..
Saudi Arabia,SAU,2003,YR2003,..
Saudi Arabia,SAU,2004,YR2004,..
Saudi Arabia,SAU,2005,YR2005,..
Saudi Arabia,SAU,2006,YR2006,..
Saudi Arabia,SAU,2007,YR2007,..
Saudi Arabia,SAU,2008,YR2008,..
Saudi Arabia,SAU,2009,YR2009,..
Saudi Arabia,SAU,2010,YR2010,..
Saudi Arabia,SAU,2011,YR2011,..
Saudi Arabia,SAU,2012,YR2012,..
Saudi Arabia,SAU,2013,YR2013,..
Saudi Arabia,SAU,2014,YR2014,..
Saudi Arabia,SAU,2015,YR2015,..
Saudi Arabia,SAU,2016,YR2016,..
Saudi Arabia,SAU,2017,YR2017,..
Saudi Arabia,SAU,2018,YR2018,..
Saudi Arabia,SAU,2019,YR2019,..
Saudi Arabia,SAU,2020,YR2020,..
Saudi Arabia,SAU,2021,YR2021,..
Saudi Arabia,SAU,2022,YR2022,..
Saudi Arabia,SAU,2023,YR2023,..
Saudi Arabia,SAU,2024,YR2024,..
Senegal,SEN,2000,YR2000,20.0295699247872
Senegal,SEN,2001,YR2001,20.2637262115763
Senegal,SEN,2002,YR2002,20.4971792021067
Senegal,SEN,2003,YR2003,20.7763876488998
Senegal,SEN,2004,YR2004,21.0911266006806
Senegal,SEN,2005,YR2005,21.4047639645201
Senegal,SEN,2006,YR2006,21.7179133599936
Senegal,SEN,2007,YR2007,22.0302605560393
Senegal,SEN,2008,YR2008,22.3418016093034
Senegal,SEN,2009,YR2009,22.6522287825934
Senegal,SEN,2010,YR2010,22.962148383617
Senegal,SEN,2011,YR2011,23.2712482600691
Senegal,SEN,2012,YR2012,23.5792275619602
Senegal,SEN,2013,YR2013,23.8863832508195
Senegal,SEN,2014,YR2014,24.1927117787544
Senegal,SEN,2015,YR2015,24.5005719592568
Senegal,SEN,2016,YR2016,24.8096361299701
Senegal,SEN,2017,YR2017,25.1204534504715
Senegal,SEN,2018,YR2018,25.4324042760609
Senegal,SEN,2019,YR2019,25.7457429092513
Senegal,SEN,2020,YR2020,26.0601472837414
Senegal,SEN,2021,YR2021,26.3758702365134
Senegal,SEN,2022,YR2022,26.6925904153209
Senegal,SEN,2023,YR2023,..
Senegal,SEN,2024,YR2024,..
Serbia,SRB,2000,YR2000,74.3419486861712
Serbia,SRB,2001,YR2001,74.381261973702
Serbia,SRB,2002,YR2002,74.4205439339545
Serbia,SRB,2003,YR2003,74.4596560144322
Serbia,SRB,2004,YR2004,74.4990393117842
Serbia,SRB,2005,YR2005,74.5380884475973
Serbia,SRB,2006,YR2006,74.5771190397683
Serbia,SRB,2007,YR2007,74.6162663660096
Serbia,SRB,2008,YR2008,74.6552389447321
Serbia,SRB,2009,YR2009,74.6941812614189
Serbia,SRB,2010,YR2010,74.7329483330009
Serbia,SRB,2011,YR2011,74.7718405660157
Serbia,SRB,2012,YR2012,74.7985525437393
Serbia,SRB,2013,YR2013,74.8210487862689
Serbia,SRB,2014,YR2014,74.843680949378
Serbia,SRB,2015,YR2015,74.8661519666101
Serbia,SRB,2016,YR2016,74.888756731137
Serbia,SRB,2017,YR2017,74.9140403674161
Serbia,SRB,2018,YR2018,74.9420059674783
Serbia,SRB,2019,YR2019,74.9726378509353
Serbia,SRB,2020,YR2020,75.0059465921081
Serbia,SRB,2021,YR2021,75.0420724287269
Serbia,SRB,2022,YR2022,75.0752476006734
Serbia,SRB,2023,YR2023,..
Serbia,SRB,2024,YR2024,..
Seychelles,SYC,2000,YR2000,..
Seychelles,SYC,2001,YR2001,..
Seychelles,SYC,2002,YR2002,..
Seychelles,SYC,2003,YR2003,..
Seychelles,SYC,2004,YR2004,..
Seychelles,SYC,2005,YR2005,..
Seychelles,SYC,2006,YR2006,..
Seychelles,SYC,2007,YR2007,..
Seychelles,SYC,2008,YR2008,..
Seychelles,SYC,2009,YR2009,..
Seychelles,SYC,2010,YR2010,..
Seychelles,SYC,2011,YR2011,..
Seychelles,SYC,2012,YR2012,..
Seychelles,SYC,2013,YR2013,..
Seychelles,SYC,2014,YR2014,..
Seychelles,SYC,2015,YR2015,..
Seychelles,SYC,2016,YR2016,..
Seychelles,SYC,2017,YR2017,..
Seychelles,SYC,2018,YR2018,..
Seychelles,SYC,2019,YR2019,..
Seychelles,SYC,2020,YR2020,..
Seychelles,SYC,2021,YR2021,..
Seychelles,SYC,2022,YR2022,..
Seychelles,SYC,2023,YR2023,..
Seychelles,SYC,2024,YR2024,..
Sierra Leone,SLE,2000,YR2000,5.19329287898916
Sierra Leone,SLE,2001,YR2001,5.30657777176804
Sierra Leone,SLE,2002,YR2002,5.48762445745711
Sierra Leone,SLE,2003,YR2003,5.67420743879449
Sierra Leone,SLE,2004,YR2004,5.86625156148857
Sierra Leone,SLE,2005,YR2005,6.06988832530289
Sierra Leone,SLE,2006,YR2006,6.28321356199777
Sierra Leone,SLE,2007,YR2007,6.50130929934768
Sierra Leone,SLE,2008,YR2008,6.72405166543884
Sierra Leone,SLE,2009,YR2009,6.95124434086215
Sierra Leone,SLE,2010,YR2010,7.18276828033032
Sierra Leone,SLE,2011,YR2011,7.41857077527122
Sierra Leone,SLE,2012,YR2012,7.65852483961428
Sierra Leone,SLE,2013,YR2013,7.90237684735476
Sierra Leone,SLE,2014,YR2014,8.15013194693133
Sierra Leone,SLE,2015,YR2015,8.40160250969397
Sierra Leone,SLE,2016,YR2016,8.656720511267
Sierra Leone,SLE,2017,YR2017,8.91571134282719
Sierra Leone,SLE,2018,YR2018,9.17847556387583
Sierra Leone,SLE,2019,YR2019,9.44474856671426
Sierra Leone,SLE,2020,YR2020,9.71431305077627
Sierra Leone,SLE,2021,YR2021,9.98694556406453
Sierra Leone,SLE,2022,YR2022,10.262418642337
Sierra Leone,SLE,2023,YR2023,..
Sierra Leone,SLE,2024,YR2024,..
Singapore,SGP,2000,YR2000,100
Singapore,SGP,2001,YR2001,100
Singapore,SGP,2002,YR2002,100
Singapore,SGP,2003,YR2003,100
Singapore,SGP,2004,YR2004,100
Singapore,SGP,2005,YR2005,100
Singapore,SGP,2006,YR2006,100
Singapore,SGP,2007,YR2007,100
Singapore,SGP,2008,YR2008,100
Singapore,SGP,2009,YR2009,100
Singapore,SGP,2010,YR2010,100
Singapore,SGP,2011,YR2011,100
Singapore,SGP,2012,YR2012,100
Singapore,SGP,2013,YR2013,100
Singapore,SGP,2014,YR2014,100
Singapore,SGP,2015,YR2015,100
Singapore,SGP,2016,YR2016,100
Singapore,SGP,2017,YR2017,100
Singapore,SGP,2018,YR2018,100
Singapore,SGP,2019,YR2019,100
Singapore,SGP,2020,YR2020,100
Singapore,SGP,2021,YR2021,100
Singapore,SGP,2022,YR2022,100
Singapore,SGP,2023,YR2023,..
Singapore,SGP,2024,YR2024,..
Sint Maarten (Dutch part),SXM,2000,YR2000,..
Sint Maarten (Dutch part),SXM,2001,YR2001,..
Sint Maarten (Dutch part),SXM,2002,YR2002,..
Sint Maarten (Dutch part),SXM,2003,YR2003,..
Sint Maarten (Dutch part),SXM,2004,YR2004,..
Sint Maarten (Dutch part),SXM,2005,YR2005,..
Sint Maarten (Dutch part),SXM,2006,YR2006,..
Sint Maarten (Dutch part),SXM,2007,YR2007,..
Sint Maarten (Dutch part),SXM,2008,YR2008,..
Sint Maarten (Dutch part),SXM,2009,YR2009,..
Sint Maarten (Dutch part),SXM,2010,YR2010,..
Sint Maarten (Dutch part),SXM,2011,YR2011,..
Sint Maarten (Dutch part),SXM,2012,YR2012,..
Sint Maarten (Dutch part),SXM,2013,YR2013,..
Sint Maarten (Dutch part),SXM,2014,YR2014,..
Sint Maarten (Dutch part),SXM,2015,YR2015,..
Sint Maarten (Dutch part),SXM,2016,YR2016,..
Sint Maarten (Dutch part),SXM,2017,YR2017,..
Sint Maarten (Dutch part),SXM,2018,YR2018,..
Sint Maarten (Dutch part),SXM,2019,YR2019,..
Sint Maarten (Dutch part),SXM,2020,YR2020,..
Sint Maarten (Dutch part),SXM,2021,YR2021,..
Sint Maarten (Dutch part),SXM,2022,YR2022,..
Sint Maarten (Dutch part),SXM,2023,YR2023,..
Sint Maarten (Dutch part),SXM,2024,YR2024,..
Slovak Republic,SVK,2000,YR2000,92.1796452286387
Slovak Republic,SVK,2001,YR2001,92.1779876499247
Slovak Republic,SVK,2002,YR2002,92.8133267287802
Slovak Republic,SVK,2003,YR2003,93.4496705753462
Slovak Republic,SVK,2004,YR2004,94.0870207350141
Slovak Republic,SVK,2005,YR2005,94.7253788932415
Slovak Republic,SVK,2006,YR2006,95.3647384809417
Slovak Republic,SVK,2007,YR2007,96.0051031804027
Slovak Republic,SVK,2008,YR2008,96.6464884921571
Slovak Republic,SVK,2009,YR2009,97.2888810790072
Slovak Republic,SVK,2010,YR2010,97.9330897176168
Slovak Republic,SVK,2011,YR2011,98.5790412669083
Slovak Republic,SVK,2012,YR2012,98.8287238347395
Slovak Republic,SVK,2013,YR2013,98.8643255731013
Slovak Republic,SVK,2014,YR2014,98.8999277380174
Slovak Republic,SVK,2015,YR2015,98.935528476486
Slovak Republic,SVK,2016,YR2016,98.9711298194259
Slovak Republic,SVK,2017,YR2017,99.0067281387603
Slovak Republic,SVK,2018,YR2018,99.042326711847
Slovak Republic,SVK,2019,YR2019,99.0779266373617
Slovak Republic,SVK,2020,YR2020,99.1135332662023
Slovak Republic,SVK,2021,YR2021,99.1491280746985
Slovak Republic,SVK,2022,YR2022,99.1847298839003
Slovak Republic,SVK,2023,YR2023,..
Slovak Republic,SVK,2024,YR2024,..
Slovenia,SVN,2000,YR2000,91.1052295089035
Slovenia,SVN,2001,YR2001,91.1052295089035
Slovenia,SVN,2002,YR2002,91.1052295089035
Slovenia,SVN,2003,YR2003,91.1052295089035
Slovenia,SVN,2004,YR2004,91.1052295089035
Slovenia,SVN,2005,YR2005,91.1052295089035
Slovenia,SVN,2006,YR2006,91.1052295089035
Slovenia,SVN,2007,YR2007,91.1052295089035
Slovenia,SVN,2008,YR2008,91.1052295089035
Slovenia,SVN,2009,YR2009,91.1052295089035
Slovenia,SVN,2010,YR2010,91.7852730730014
Slovenia,SVN,2011,YR2011,92.4653166370993
Slovenia,SVN,2012,YR2012,93.145360201197
Slovenia,SVN,2013,YR2013,93.8254037652948
Slovenia,SVN,2014,YR2014,94.5054473293925
Slovenia,SVN,2015,YR2015,95.1854908934904
Slovenia,SVN,2016,YR2016,95.865534457588
Slovenia,SVN,2017,YR2017,96.5455780216859
Slovenia,SVN,2018,YR2018,97.2256215857835
Slovenia,SVN,2019,YR2019,97.9056651498814
Slovenia,SVN,2020,YR2020,98.2743209096652
Slovenia,SVN,2021,YR2021,98.2743209096652
Slovenia,SVN,2022,YR2022,98.2743209096652
Slovenia,SVN,2023,YR2023,..
Slovenia,SVN,2024,YR2024,..
Solomon Islands,SLB,2000,YR2000,..
Solomon Islands,SLB,2001,YR2001,..
Solomon Islands,SLB,2002,YR2002,..
Solomon Islands,SLB,2003,YR2003,..
Solomon Islands,SLB,2004,YR2004,..
Solomon Islands,SLB,2005,YR2005,..
Solomon Islands,SLB,2006,YR2006,..
Solomon Islands,SLB,2007,YR2007,..
Solomon Islands,SLB,2008,YR2008,..
Solomon Islands,SLB,2009,YR2009,..
Solomon Islands,SLB,2010,YR2010,..
Solomon Islands,SLB,2011,YR2011,..
Solomon Islands,SLB,2012,YR2012,..
Solomon Islands,SLB,2013,YR2013,..
Solomon Islands,SLB,2014,YR2014,..
Solomon Islands,SLB,2015,YR2015,..
Solomon Islands,SLB,2016,YR2016,..
Solomon Islands,SLB,2017,YR2017,..
Solomon Islands,SLB,2018,YR2018,..
Solomon Islands,SLB,2019,YR2019,..
Solomon Islands,SLB,2020,YR2020,..
Solomon Islands,SLB,2021,YR2021,..
Solomon Islands,SLB,2022,YR2022,..
Solomon Islands,SLB,2023,YR2023,..
Solomon Islands,SLB,2024,YR2024,..
"Somalia, Fed. Rep.",SOM,2000,YR2000,..
"Somalia, Fed. Rep.",SOM,2001,YR2001,..
"Somalia, Fed. Rep.",SOM,2002,YR2002,..
"Somalia, Fed. Rep.",SOM,2003,YR2003,..
"Somalia, Fed. Rep.",SOM,2004,YR2004,..
"Somalia, Fed. Rep.",SOM,2005,YR2005,..
"Somalia, Fed. Rep.",SOM,2006,YR2006,..
"Somalia, Fed. Rep.",SOM,2007,YR2007,..
"Somalia, Fed. Rep.",SOM,2008,YR2008,..
"Somalia, Fed. Rep.",SOM,2009,YR2009,..
"Somalia, Fed. Rep.",SOM,2010,YR2010,..
"Somalia, Fed. Rep.",SOM,2011,YR2011,..
"Somalia, Fed. Rep.",SOM,2012,YR2012,..
"Somalia, Fed. Rep.",SOM,2013,YR2013,..
"Somalia, Fed. Rep.",SOM,2014,YR2014,..
"Somalia, Fed. Rep.",SOM,2015,YR2015,..
"Somalia, Fed. Rep.",SOM,2016,YR2016,..
"Somalia, Fed. Rep.",SOM,2017,YR2017,..
"Somalia, Fed. Rep.",SOM,2018,YR2018,..
"Somalia, Fed. Rep.",SOM,2019,YR2019,..
"Somalia, Fed. Rep.",SOM,2020,YR2020,..
"Somalia, Fed. Rep.",SOM,2021,YR2021,..
"Somalia, Fed. Rep.",SOM,2022,YR2022,..
"Somalia, Fed. Rep.",SOM,2023,YR2023,..
"Somalia, Fed. Rep.",SOM,2024,YR2024,..
South Africa,ZAF,2000,YR2000,..
South Africa,ZAF,2001,YR2001,..
South Africa,ZAF,2002,YR2002,..
South Africa,ZAF,2003,YR2003,..
South Africa,ZAF,2004,YR2004,..
South Africa,ZAF,2005,YR2005,..
South Africa,ZAF,2006,YR2006,..
South Africa,ZAF,2007,YR2007,..
South Africa,ZAF,2008,YR2008,..
South Africa,ZAF,2009,YR2009,..
South Africa,ZAF,2010,YR2010,..
South Africa,ZAF,2011,YR2011,..
South Africa,ZAF,2012,YR2012,..
South Africa,ZAF,2013,YR2013,..
South Africa,ZAF,2014,YR2014,..
South Africa,ZAF,2015,YR2015,..
South Africa,ZAF,2016,YR2016,..
South Africa,ZAF,2017,YR2017,..
South Africa,ZAF,2018,YR2018,..
South Africa,ZAF,2019,YR2019,..
South Africa,ZAF,2020,YR2020,..
South Africa,ZAF,2021,YR2021,..
South Africa,ZAF,2022,YR2022,..
South Africa,ZAF,2023,YR2023,..
South Africa,ZAF,2024,YR2024,..
South Sudan,SSD,2000,YR2000,..
South Sudan,SSD,2001,YR2001,..
South Sudan,SSD,2002,YR2002,..
South Sudan,SSD,2003,YR2003,..
South Sudan,SSD,2004,YR2004,..
South Sudan,SSD,2005,YR2005,..
South Sudan,SSD,2006,YR2006,..
South Sudan,SSD,2007,YR2007,..
South Sudan,SSD,2008,YR2008,..
South Sudan,SSD,2009,YR2009,..
South Sudan,SSD,2010,YR2010,..
South Sudan,SSD,2011,YR2011,..
South Sudan,SSD,2012,YR2012,..
South Sudan,SSD,2013,YR2013,..
South Sudan,SSD,2014,YR2014,..
South Sudan,SSD,2015,YR2015,..
South Sudan,SSD,2016,YR2016,..
South Sudan,SSD,2017,YR2017,..
South Sudan,SSD,2018,YR2018,..
South Sudan,SSD,2019,YR2019,..
South Sudan,SSD,2020,YR2020,..
South Sudan,SSD,2021,YR2021,..
South Sudan,SSD,2022,YR2022,..
South Sudan,SSD,2023,YR2023,..
South Sudan,SSD,2024,YR2024,..
Spain,ESP,2000,YR2000,99.3520037621673
Spain,ESP,2001,YR2001,99.3527666689
Spain,ESP,2002,YR2002,99.3870758973931
Spain,ESP,2003,YR2003,99.4221127765702
Spain,ESP,2004,YR2004,99.4573500510258
Spain,ESP,2005,YR2005,99.4927535691672
Spain,ESP,2006,YR2006,99.5283435190003
Spain,ESP,2007,YR2007,99.5641228190585
Spain,ESP,2008,YR2008,99.600083258636
Spain,ESP,2009,YR2009,99.6035929553762
Spain,ESP,2010,YR2010,99.6064643947412
Spain,ESP,2011,YR2011,99.6093275292351
Spain,ESP,2012,YR2012,99.5983436745099
Spain,ESP,2013,YR2013,99.5717164141287
Spain,ESP,2014,YR2014,99.5449356902683
Spain,ESP,2015,YR2015,99.5476438755299
Spain,ESP,2016,YR2016,99.5503658278686
Spain,ESP,2017,YR2017,99.5531187860868
Spain,ESP,2018,YR2018,99.5558738834628
Spain,ESP,2019,YR2019,99.5586759288235
Spain,ESP,2020,YR2020,99.5614800334883
Spain,ESP,2021,YR2021,99.5642963774609
Spain,ESP,2022,YR2022,99.5671426373018
Spain,ESP,2023,YR2023,..
Spain,ESP,2024,YR2024,..
Sri Lanka,LKA,2000,YR2000,44.690599746669
Sri Lanka,LKA,2001,YR2001,44.8200054949636
Sri Lanka,LKA,2002,YR2002,44.948926886999
Sri Lanka,LKA,2003,YR2003,45.0783554158415
Sri Lanka,LKA,2004,YR2004,45.207797617992
Sri Lanka,LKA,2005,YR2005,45.3367534277481
Sri Lanka,LKA,2006,YR2006,45.5262626367779
Sri Lanka,LKA,2007,YR2007,45.7153301332015
Sri Lanka,LKA,2008,YR2008,45.9049564408666
Sri Lanka,LKA,2009,YR2009,46.0946421908046
Sri Lanka,LKA,2010,YR2010,46.2838727827629
Sri Lanka,LKA,2011,YR2011,46.473670278824
Sri Lanka,LKA,2012,YR2012,46.6635284571006
Sri Lanka,LKA,2013,YR2013,46.8622799469941
Sri Lanka,LKA,2014,YR2014,47.0706000017364
Sri Lanka,LKA,2015,YR2015,47.2886463544296
Sri Lanka,LKA,2016,YR2016,47.516056893462
Sri Lanka,LKA,2017,YR2017,47.7535126946425
Sri Lanka,LKA,2018,YR2018,48.0017088515674
Sri Lanka,LKA,2019,YR2019,47.8252897781829
Sri Lanka,LKA,2020,YR2020,47.5914243025232
Sri Lanka,LKA,2021,YR2021,47.3592994454661
Sri Lanka,LKA,2022,YR2022,47.1275328737655
Sri Lanka,LKA,2023,YR2023,..
Sri Lanka,LKA,2024,YR2024,..
St. Kitts and Nevis,KNA,2000,YR2000,..
St. Kitts and Nevis,KNA,2001,YR2001,..
St. Kitts and Nevis,KNA,2002,YR2002,..
St. Kitts and Nevis,KNA,2003,YR2003,..
St. Kitts and Nevis,KNA,2004,YR2004,..
St. Kitts and Nevis,KNA,2005,YR2005,..
St. Kitts and Nevis,KNA,2006,YR2006,..
St. Kitts and Nevis,KNA,2007,YR2007,..
St. Kitts and Nevis,KNA,2008,YR2008,..
St. Kitts and Nevis,KNA,2009,YR2009,..
St. Kitts and Nevis,KNA,2010,YR2010,..
St. Kitts and Nevis,KNA,2011,YR2011,..
St. Kitts and Nevis,KNA,2012,YR2012,..
St. Kitts and Nevis,KNA,2013,YR2013,..
St. Kitts and Nevis,KNA,2014,YR2014,..
St. Kitts and Nevis,KNA,2015,YR2015,..
St. Kitts and Nevis,KNA,2016,YR2016,..
St. Kitts and Nevis,KNA,2017,YR2017,..
St. Kitts and Nevis,KNA,2018,YR2018,..
St. Kitts and Nevis,KNA,2019,YR2019,..
St. Kitts and Nevis,KNA,2020,YR2020,..
St. Kitts and Nevis,KNA,2021,YR2021,..
St. Kitts and Nevis,KNA,2022,YR2022,..
St. Kitts and Nevis,KNA,2023,YR2023,..
St. Kitts and Nevis,KNA,2024,YR2024,..
St. Lucia,LCA,2000,YR2000,..
St. Lucia,LCA,2001,YR2001,..
St. Lucia,LCA,2002,YR2002,..
St. Lucia,LCA,2003,YR2003,..
St. Lucia,LCA,2004,YR2004,..
St. Lucia,LCA,2005,YR2005,..
St. Lucia,LCA,2006,YR2006,..
St. Lucia,LCA,2007,YR2007,..
St. Lucia,LCA,2008,YR2008,..
St. Lucia,LCA,2009,YR2009,..
St. Lucia,LCA,2010,YR2010,..
St. Lucia,LCA,2011,YR2011,..
St. Lucia,LCA,2012,YR2012,..
St. Lucia,LCA,2013,YR2013,..
St. Lucia,LCA,2014,YR2014,..
St. Lucia,LCA,2015,YR2015,..
St. Lucia,LCA,2016,YR2016,..
St. Lucia,LCA,2017,YR2017,..
St. Lucia,LCA,2018,YR2018,..
St. Lucia,LCA,2019,YR2019,..
St. Lucia,LCA,2020,YR2020,..
St. Lucia,LCA,2021,YR2021,..
St. Lucia,LCA,2022,YR2022,..
St. Lucia,LCA,2023,YR2023,..
St. Lucia,LCA,2024,YR2024,..
St. Martin (French part),MAF,2000,YR2000,96.7
St. Martin (French part),MAF,2001,YR2001,96.7
St. Martin (French part),MAF,2002,YR2002,96.7
St. Martin (French part),MAF,2003,YR2003,96.7
St. Martin (French part),MAF,2004,YR2004,96.7
St. Martin (French part),MAF,2005,YR2005,96.7
St. Martin (French part),MAF,2006,YR2006,96.7
St. Martin (French part),MAF,2007,YR2007,96.7
St. Martin (French part),MAF,2008,YR2008,96.7
St. Martin (French part),MAF,2009,YR2009,96.7
St. Martin (French part),MAF,2010,YR2010,96.6983810402362
St. Martin (French part),MAF,2011,YR2011,96.6920522919447
St. Martin (French part),MAF,2012,YR2012,96.6857235436532
St. Martin (French part),MAF,2013,YR2013,96.6793947953617
St. Martin (French part),MAF,2014,YR2014,96.6730660470702
St. Martin (French part),MAF,2015,YR2015,96.6667372987788
St. Martin (French part),MAF,2016,YR2016,96.6604085504872
St. Martin (French part),MAF,2017,YR2017,96.6540798021958
St. Martin (French part),MAF,2018,YR2018,96.6477510539043
St. Martin (French part),MAF,2019,YR2019,96.6414223056127
St. Martin (French part),MAF,2020,YR2020,96.6350935573213
St. Martin (French part),MAF,2021,YR2021,96.6287648090298
St. Martin (French part),MAF,2022,YR2022,96.6287648090298
St. Martin (French part),MAF,2023,YR2023,..
St. Martin (French part),MAF,2024,YR2024,..
St. Vincent and the Grenadines,VCT,2000,YR2000,..
St. Vincent and the Grenadines,VCT,2001,YR2001,..
St. Vincent and the Grenadines,VCT,2002,YR2002,..
St. Vincent and the Grenadines,VCT,2003,YR2003,..
St. Vincent and the Grenadines,VCT,2004,YR2004,..
St. Vincent and the Grenadines,VCT,2005,YR2005,..
St. Vincent and the Grenadines,VCT,2006,YR2006,..
St. Vincent and the Grenadines,VCT,2007,YR2007,..
St. Vincent and the Grenadines,VCT,2008,YR2008,..
St. Vincent and the Grenadines,VCT,2009,YR2009,..
St. Vincent and the Grenadines,VCT,2010,YR2010,..
St. Vincent and the Grenadines,VCT,2011,YR2011,..
St. Vincent and the Grenadines,VCT,2012,YR2012,..
St. Vincent and the Grenadines,VCT,2013,YR2013,..
St. Vincent and the Grenadines,VCT,2014,YR2014,..
St. Vincent and the Grenadines,VCT,2015,YR2015,..
St. Vincent and the Grenadines,VCT,2016,YR2016,..
St. Vincent and the Grenadines,VCT,2017,YR2017,..
St. Vincent and the Grenadines,VCT,2018,YR2018,..
St. Vincent and the Grenadines,VCT,2019,YR2019,..
St. Vincent and the Grenadines,VCT,2020,YR2020,..
St. Vincent and the Grenadines,VCT,2021,YR2021,..
St. Vincent and the Grenadines,VCT,2022,YR2022,..
St. Vincent and the Grenadines,VCT,2023,YR2023,..
St. Vincent and the Grenadines,VCT,2024,YR2024,..
Sudan,SDN,2000,YR2000,..
Sudan,SDN,2001,YR2001,..
Sudan,SDN,2002,YR2002,..
Sudan,SDN,2003,YR2003,..
Sudan,SDN,2004,YR2004,..
Sudan,SDN,2005,YR2005,..
Sudan,SDN,2006,YR2006,..
Sudan,SDN,2007,YR2007,..
Sudan,SDN,2008,YR2008,..
Sudan,SDN,2009,YR2009,..
Sudan,SDN,2010,YR2010,..
Sudan,SDN,2011,YR2011,..
Sudan,SDN,2012,YR2012,..
Sudan,SDN,2013,YR2013,..
Sudan,SDN,2014,YR2014,..
Sudan,SDN,2015,YR2015,..
Sudan,SDN,2016,YR2016,..
Sudan,SDN,2017,YR2017,..
Sudan,SDN,2018,YR2018,..
Sudan,SDN,2019,YR2019,..
Sudan,SDN,2020,YR2020,..
Sudan,SDN,2021,YR2021,..
Sudan,SDN,2022,YR2022,..
Sudan,SDN,2023,YR2023,..
Sudan,SDN,2024,YR2024,..
Suriname,SUR,2000,YR2000,51.5803961625168
Suriname,SUR,2001,YR2001,51.8157527188249
Suriname,SUR,2002,YR2002,52.0507334984796
Suriname,SUR,2003,YR2003,52.2847152198798
Suriname,SUR,2004,YR2004,52.5180081686063
Suriname,SUR,2005,YR2005,52.712658005707
Suriname,SUR,2006,YR2006,52.9043193014222
Suriname,SUR,2007,YR2007,53.0963255722342
Suriname,SUR,2008,YR2008,53.2889726778725
Suriname,SUR,2009,YR2009,53.4825361429604
Suriname,SUR,2010,YR2010,53.6764560374741
Suriname,SUR,2011,YR2011,53.8710148524227
Suriname,SUR,2012,YR2012,54.0662107041553
Suriname,SUR,2013,YR2013,54.2620481065857
Suriname,SUR,2014,YR2014,54.4628446712718
Suriname,SUR,2015,YR2015,54.6686142151554
Suriname,SUR,2016,YR2016,54.8788548050919
Suriname,SUR,2017,YR2017,55.0933316168969
Suriname,SUR,2018,YR2018,55.3120332257966
Suriname,SUR,2019,YR2019,55.5342503467169
Suriname,SUR,2020,YR2020,55.7604344745866
Suriname,SUR,2021,YR2021,55.7762566978822
Suriname,SUR,2022,YR2022,55.7961520243991
Suriname,SUR,2023,YR2023,..
Suriname,SUR,2024,YR2024,..
Sweden,SWE,2000,YR2000,99.3918988970255
Sweden,SWE,2001,YR2001,99.4043482350048
Sweden,SWE,2002,YR2002,99.4169454320102
Sweden,SWE,2003,YR2003,99.4294864514494
Sweden,SWE,2004,YR2004,99.4419595103813
Sweden,SWE,2005,YR2005,99.4543575191767
Sweden,SWE,2006,YR2006,99.4671570264548
Sweden,SWE,2007,YR2007,99.4802602885697
Sweden,SWE,2008,YR2008,99.4932015304874
Sweden,SWE,2009,YR2009,99.5059733514853
Sweden,SWE,2010,YR2010,99.5266848116366
Sweden,SWE,2011,YR2011,99.5478301562402
Sweden,SWE,2012,YR2012,99.569250436722
Sweden,SWE,2013,YR2013,99.590306408198
Sweden,SWE,2014,YR2014,99.6110106757593
Sweden,SWE,2015,YR2015,99.6313874133782
Sweden,SWE,2016,YR2016,99.6514249285855
Sweden,SWE,2017,YR2017,99.6711408523835
Sweden,SWE,2018,YR2018,99.6905330218653
Sweden,SWE,2019,YR2019,99.7096130354211
Sweden,SWE,2020,YR2020,99.7280724118451
Sweden,SWE,2021,YR2021,99.7384457673194
Sweden,SWE,2022,YR2022,99.7388798657575
Sweden,SWE,2023,YR2023,..
Sweden,SWE,2024,YR2024,..
Switzerland,CHE,2000,YR2000,96.6999994609098
Switzerland,CHE,2001,YR2001,96.7000026535092
Switzerland,CHE,2002,YR2002,96.6999981182012
Switzerland,CHE,2003,YR2003,96.7000016617629
Switzerland,CHE,2004,YR2004,96.6999984135583
Switzerland,CHE,2005,YR2005,96.7000007627469
Switzerland,CHE,2006,YR2006,96.7000032846423
Switzerland,CHE,2007,YR2007,96.6999991109957
Switzerland,CHE,2008,YR2008,96.6999979971635
Switzerland,CHE,2009,YR2009,96.6999973138993
Switzerland,CHE,2010,YR2010,96.6999977062919
Switzerland,CHE,2011,YR2011,96.6999991882823
Switzerland,CHE,2012,YR2012,96.7000004487987
Switzerland,CHE,2013,YR2013,96.6999993228363
Switzerland,CHE,2014,YR2014,96.6999973011694
Switzerland,CHE,2015,YR2015,96.699996373961
Switzerland,CHE,2016,YR2016,96.7000022331398
Switzerland,CHE,2017,YR2017,96.7000001340801
Switzerland,CHE,2018,YR2018,96.7000009316441
Switzerland,CHE,2019,YR2019,96.6999987666662
Switzerland,CHE,2020,YR2020,96.6999976825074
Switzerland,CHE,2021,YR2021,96.700000065191
Switzerland,CHE,2022,YR2022,96.7000018583182
Switzerland,CHE,2023,YR2023,..
Switzerland,CHE,2024,YR2024,..
Syrian Arab Republic,SYR,2000,YR2000,..
Syrian Arab Republic,SYR,2001,YR2001,..
Syrian Arab Republic,SYR,2002,YR2002,..
Syrian Arab Republic,SYR,2003,YR2003,..
Syrian Arab Republic,SYR,2004,YR2004,..
Syrian Arab Republic,SYR,2005,YR2005,..
Syrian Arab Republic,SYR,2006,YR2006,..
Syrian Arab Republic,SYR,2007,YR2007,..
Syrian Arab Republic,SYR,2008,YR2008,..
Syrian Arab Republic,SYR,2009,YR2009,..
Syrian Arab Republic,SYR,2010,YR2010,..
Syrian Arab Republic,SYR,2011,YR2011,..
Syrian Arab Republic,SYR,2012,YR2012,..
Syrian Arab Republic,SYR,2013,YR2013,..
Syrian Arab Republic,SYR,2014,YR2014,..
Syrian Arab Republic,SYR,2015,YR2015,..
Syrian Arab Republic,SYR,2016,YR2016,..
Syrian Arab Republic,SYR,2017,YR2017,..
Syrian Arab Republic,SYR,2018,YR2018,..
Syrian Arab Republic,SYR,2019,YR2019,..
Syrian Arab Republic,SYR,2020,YR2020,..
Syrian Arab Republic,SYR,2021,YR2021,..
Syrian Arab Republic,SYR,2022,YR2022,..
Syrian Arab Republic,SYR,2023,YR2023,..
Syrian Arab Republic,SYR,2024,YR2024,..
Tajikistan,TJK,2000,YR2000,35.9904603176081
Tajikistan,TJK,2001,YR2001,37.0220398885975
Tajikistan,TJK,2002,YR2002,38.0782301513349
Tajikistan,TJK,2003,YR2003,39.1590295656426
Tajikistan,TJK,2004,YR2004,40.2638759233785
Tajikistan,TJK,2005,YR2005,41.3938950398127
Tajikistan,TJK,2006,YR2006,42.5485169593607
Tajikistan,TJK,2007,YR2007,43.727740642912
Tajikistan,TJK,2008,YR2008,44.9315632856032
Tajikistan,TJK,2009,YR2009,46.1599857969074
Tajikistan,TJK,2010,YR2010,47.4130029361335
Tajikistan,TJK,2011,YR2011,48.5248472386568
Tajikistan,TJK,2012,YR2012,49.3680366304942
Tajikistan,TJK,2013,YR2013,50.2095762757165
Tajikistan,TJK,2014,YR2014,51.049466394786
Tajikistan,TJK,2015,YR2015,51.8872709585043
Tajikistan,TJK,2016,YR2016,52.7228477603698
Tajikistan,TJK,2017,YR2017,53.5559110878999
Tajikistan,TJK,2018,YR2018,54.3860700294647
Tajikistan,TJK,2019,YR2019,55.2133111944282
Tajikistan,TJK,2020,YR2020,55.2368645269544
Tajikistan,TJK,2021,YR2021,55.2631667463487
Tajikistan,TJK,2022,YR2022,55.2921007475287
Tajikistan,TJK,2023,YR2023,..
Tajikistan,TJK,2024,YR2024,..
Tanzania,TZA,2000,YR2000,1.43044680120711
Tanzania,TZA,2001,YR2001,1.47342192224391
Tanzania,TZA,2002,YR2002,1.51735620150323
Tanzania,TZA,2003,YR2003,1.57507095896928
Tanzania,TZA,2004,YR2004,2.27790955498345
Tanzania,TZA,2005,YR2005,3.03221320781846
Tanzania,TZA,2006,YR2006,3.84023410327136
Tanzania,TZA,2007,YR2007,5.47457369665052
Tanzania,TZA,2008,YR2008,7.01043437530185
Tanzania,TZA,2009,YR2009,7.48366641360727
Tanzania,TZA,2010,YR2010,7.75774251222285
Tanzania,TZA,2011,YR2011,8.03601984492205
Tanzania,TZA,2012,YR2012,8.31895877725213
Tanzania,TZA,2013,YR2013,8.60599303483947
Tanzania,TZA,2014,YR2014,8.89653747874422
Tanzania,TZA,2015,YR2015,9.19061761742038
Tanzania,TZA,2016,YR2016,9.48783390188552
Tanzania,TZA,2017,YR2017,9.78841743740126
Tanzania,TZA,2018,YR2018,10.092173476307
Tanzania,TZA,2019,YR2019,10.3986792496063
Tanzania,TZA,2020,YR2020,10.7083821320859
Tanzania,TZA,2021,YR2021,11.0206317201292
Tanzania,TZA,2022,YR2022,11.3356525332316
Tanzania,TZA,2023,YR2023,..
Tanzania,TZA,2024,YR2024,..
Thailand,THA,2000,YR2000,..
Thailand,THA,2001,YR2001,..
Thailand,THA,2002,YR2002,..
Thailand,THA,2003,YR2003,..
Thailand,THA,2004,YR2004,..
Thailand,THA,2005,YR2005,..
Thailand,THA,2006,YR2006,..
Thailand,THA,2007,YR2007,..
Thailand,THA,2008,YR2008,..
Thailand,THA,2009,YR2009,..
Thailand,THA,2010,YR2010,..
Thailand,THA,2011,YR2011,..
Thailand,THA,2012,YR2012,..
Thailand,THA,2013,YR2013,..
Thailand,THA,2014,YR2014,..
Thailand,THA,2015,YR2015,..
Thailand,THA,2016,YR2016,..
Thailand,THA,2017,YR2017,..
Thailand,THA,2018,YR2018,..
Thailand,THA,2019,YR2019,..
Thailand,THA,2020,YR2020,..
Thailand,THA,2021,YR2021,..
Thailand,THA,2022,YR2022,..
Thailand,THA,2023,YR2023,..
Thailand,THA,2024,YR2024,..
Timor-Leste,TLS,2000,YR2000,..
Timor-Leste,TLS,2001,YR2001,..
Timor-Leste,TLS,2002,YR2002,..
Timor-Leste,TLS,2003,YR2003,..
Timor-Leste,TLS,2004,YR2004,..
Timor-Leste,TLS,2005,YR2005,..
Timor-Leste,TLS,2006,YR2006,..
Timor-Leste,TLS,2007,YR2007,..
Timor-Leste,TLS,2008,YR2008,..
Timor-Leste,TLS,2009,YR2009,..
Timor-Leste,TLS,2010,YR2010,..
Timor-Leste,TLS,2011,YR2011,..
Timor-Leste,TLS,2012,YR2012,..
Timor-Leste,TLS,2013,YR2013,..
Timor-Leste,TLS,2014,YR2014,..
Timor-Leste,TLS,2015,YR2015,..
Timor-Leste,TLS,2016,YR2016,..
Timor-Leste,TLS,2017,YR2017,..
Timor-Leste,TLS,2018,YR2018,..
Timor-Leste,TLS,2019,YR2019,..
Timor-Leste,TLS,2020,YR2020,..
Timor-Leste,TLS,2021,YR2021,..
Timor-Leste,TLS,2022,YR2022,..
Timor-Leste,TLS,2023,YR2023,..
Timor-Leste,TLS,2024,YR2024,..
Togo,TGO,2000,YR2000,7.44596842465642
Togo,TGO,2001,YR2001,7.56511196674744
Togo,TGO,2002,YR2002,7.68563842022978
Togo,TGO,2003,YR2003,7.80732407835564
Togo,TGO,2004,YR2004,7.93017508647132
Togo,TGO,2005,YR2005,8.05396654706982
Togo,TGO,2006,YR2006,8.17893108732728
Togo,TGO,2007,YR2007,8.30507454514135
Togo,TGO,2008,YR2008,8.43263063930142
Togo,TGO,2009,YR2009,8.56068225190269
Togo,TGO,2010,YR2010,8.69015617114663
Togo,TGO,2011,YR2011,13.0996918887012
Togo,TGO,2012,YR2012,15.1638362286742
Togo,TGO,2013,YR2013,15.6048440091922
Togo,TGO,2014,YR2014,16.0505729222898
Togo,TGO,2015,YR2015,16.5010926705837
Togo,TGO,2016,YR2016,16.9574573062902
Togo,TGO,2017,YR2017,17.4195283838883
Togo,TGO,2018,YR2018,17.8874097421064
Togo,TGO,2019,YR2019,18.3612042228307
Togo,TGO,2020,YR2020,18.8410171736911
Togo,TGO,2021,YR2021,19.1294351424735
Togo,TGO,2022,YR2022,19.4177904317129
Togo,TGO,2023,YR2023,..
Togo,TGO,2024,YR2024,..
Tonga,TON,2000,YR2000,29.2411472265543
Tonga,TON,2001,YR2001,29.248958960807
Tonga,TON,2002,YR2002,29.2565021431517
Tonga,TON,2003,YR2003,29.2643153175972
Tonga,TON,2004,YR2004,29.2721272419265
Tonga,TON,2005,YR2005,29.2939666279201
Tonga,TON,2006,YR2006,29.3160963190819
Tonga,TON,2007,YR2007,29.3420394167947
Tonga,TON,2008,YR2008,29.3709959700068
Tonga,TON,2009,YR2009,29.3999929229053
Tonga,TON,2010,YR2010,29.4290345816185
Tonga,TON,2011,YR2011,29.4581177842193
Tonga,TON,2012,YR2012,29.4703462608538
Tonga,TON,2013,YR2013,29.4702871247322
Tonga,TON,2014,YR2014,29.4699143596053
Tonga,TON,2015,YR2015,29.469770409254
Tonga,TON,2016,YR2016,29.4695858367145
Tonga,TON,2017,YR2017,29.4693599721039
Tonga,TON,2018,YR2018,29.4732143262293
Tonga,TON,2019,YR2019,29.4808949553779
Tonga,TON,2020,YR2020,29.4929646634957
Tonga,TON,2021,YR2021,29.5086204719966
Tonga,TON,2022,YR2022,29.5287016952487
Tonga,TON,2023,YR2023,..
Tonga,TON,2024,YR2024,..
Trinidad and Tobago,TTO,2000,YR2000,..
Trinidad and Tobago,TTO,2001,YR2001,..
Trinidad and Tobago,TTO,2002,YR2002,..
Trinidad and Tobago,TTO,2003,YR2003,..
Trinidad and Tobago,TTO,2004,YR2004,..
Trinidad and Tobago,TTO,2005,YR2005,..
Trinidad and Tobago,TTO,2006,YR2006,..
Trinidad and Tobago,TTO,2007,YR2007,..
Trinidad and Tobago,TTO,2008,YR2008,..
Trinidad and Tobago,TTO,2009,YR2009,..
Trinidad and Tobago,TTO,2010,YR2010,..
Trinidad and Tobago,TTO,2011,YR2011,..
Trinidad and Tobago,TTO,2012,YR2012,..
Trinidad and Tobago,TTO,2013,YR2013,..
Trinidad and Tobago,TTO,2014,YR2014,..
Trinidad and Tobago,TTO,2015,YR2015,..
Trinidad and Tobago,TTO,2016,YR2016,..
Trinidad and Tobago,TTO,2017,YR2017,..
Trinidad and Tobago,TTO,2018,YR2018,..
Trinidad and Tobago,TTO,2019,YR2019,..
Trinidad and Tobago,TTO,2020,YR2020,..
Trinidad and Tobago,TTO,2021,YR2021,..
Trinidad and Tobago,TTO,2022,YR2022,..
Trinidad and Tobago,TTO,2023,YR2023,..
Trinidad and Tobago,TTO,2024,YR2024,..
Tunisia,TUN,2000,YR2000,71.8136237472982
Tunisia,TUN,2001,YR2001,72.1109698372259
Tunisia,TUN,2002,YR2002,72.4046537401198
Tunisia,TUN,2003,YR2003,72.6949993203414
Tunisia,TUN,2004,YR2004,72.9770490843235
Tunisia,TUN,2005,YR2005,73.2337108569773
Tunisia,TUN,2006,YR2006,73.4880983397112
Tunisia,TUN,2007,YR2007,73.7396509664591
Tunisia,TUN,2008,YR2008,73.9886705472183
Tunisia,TUN,2009,YR2009,74.235166314384
Tunisia,TUN,2010,YR2010,74.4788850024944
Tunisia,TUN,2011,YR2011,74.7203755912099
Tunisia,TUN,2012,YR2012,75.1400318525442
Tunisia,TUN,2013,YR2013,75.5563361609356
Tunisia,TUN,2014,YR2014,75.9700128726058
Tunisia,TUN,2015,YR2015,76.3825774214258
Tunisia,TUN,2016,YR2016,76.7128936199249
Tunisia,TUN,2017,YR2017,76.0308374613024
Tunisia,TUN,2018,YR2018,75.3363204139181
Tunisia,TUN,2019,YR2019,74.6285711862377
Tunisia,TUN,2020,YR2020,73.9069254924488
Tunisia,TUN,2021,YR2021,74.1062811743811
Tunisia,TUN,2022,YR2022,74.3034603115934
Tunisia,TUN,2023,YR2023,..
Tunisia,TUN,2024,YR2024,..
Turkiye,TUR,2000,YR2000,..
Turkiye,TUR,2001,YR2001,..
Turkiye,TUR,2002,YR2002,..
Turkiye,TUR,2003,YR2003,..
Turkiye,TUR,2004,YR2004,..
Turkiye,TUR,2005,YR2005,..
Turkiye,TUR,2006,YR2006,..
Turkiye,TUR,2007,YR2007,..
Turkiye,TUR,2008,YR2008,..
Turkiye,TUR,2009,YR2009,..
Turkiye,TUR,2010,YR2010,..
Turkiye,TUR,2011,YR2011,..
Turkiye,TUR,2012,YR2012,..
Turkiye,TUR,2013,YR2013,..
Turkiye,TUR,2014,YR2014,..
Turkiye,TUR,2015,YR2015,..
Turkiye,TUR,2016,YR2016,..
Turkiye,TUR,2017,YR2017,..
Turkiye,TUR,2018,YR2018,..
Turkiye,TUR,2019,YR2019,..
Turkiye,TUR,2020,YR2020,..
Turkiye,TUR,2021,YR2021,..
Turkiye,TUR,2022,YR2022,..
Turkiye,TUR,2023,YR2023,..
Turkiye,TUR,2024,YR2024,..
Turkmenistan,TKM,2000,YR2000,66.6675883090749
Turkmenistan,TKM,2001,YR2001,67.8586887734471
Turkmenistan,TKM,2002,YR2002,69.0609222865632
Turkmenistan,TKM,2003,YR2003,70.2736879044562
Turkmenistan,TKM,2004,YR2004,71.4967369287838
Turkmenistan,TKM,2005,YR2005,73.1729874129951
Turkmenistan,TKM,2006,YR2006,74.8670839918494
Turkmenistan,TKM,2007,YR2007,76.5783694564401
Turkmenistan,TKM,2008,YR2008,78.3052453249219
Turkmenistan,TKM,2009,YR2009,80.0474466207357
Turkmenistan,TKM,2010,YR2010,81.8035830434802
Turkmenistan,TKM,2011,YR2011,83.5726695331961
Turkmenistan,TKM,2012,YR2012,85.353857981641
Turkmenistan,TKM,2013,YR2013,87.146069105358
Turkmenistan,TKM,2014,YR2014,88.943348532498
Turkmenistan,TKM,2015,YR2015,90.7476827127667
Turkmenistan,TKM,2016,YR2016,92.2849938766969
Turkmenistan,TKM,2017,YR2017,93.6808824431361
Turkmenistan,TKM,2018,YR2018,94.7905268337908
Turkmenistan,TKM,2019,YR2019,94.8120715117118
Turkmenistan,TKM,2020,YR2020,94.83423669476
Turkmenistan,TKM,2021,YR2021,94.8570560564328
Turkmenistan,TKM,2022,YR2022,94.8805426953047
Turkmenistan,TKM,2023,YR2023,..
Turkmenistan,TKM,2024,YR2024,..
Turks and Caicos Islands,TCA,2000,YR2000,..
Turks and Caicos Islands,TCA,2001,YR2001,..
Turks and Caicos Islands,TCA,2002,YR2002,..
Turks and Caicos Islands,TCA,2003,YR2003,..
Turks and Caicos Islands,TCA,2004,YR2004,..
Turks and Caicos Islands,TCA,2005,YR2005,..
Turks and Caicos Islands,TCA,2006,YR2006,..
Turks and Caicos Islands,TCA,2007,YR2007,..
Turks and Caicos Islands,TCA,2008,YR2008,..
Turks and Caicos Islands,TCA,2009,YR2009,..
Turks and Caicos Islands,TCA,2010,YR2010,..
Turks and Caicos Islands,TCA,2011,YR2011,..
Turks and Caicos Islands,TCA,2012,YR2012,..
Turks and Caicos Islands,TCA,2013,YR2013,..
Turks and Caicos Islands,TCA,2014,YR2014,..
Turks and Caicos Islands,TCA,2015,YR2015,..
Turks and Caicos Islands,TCA,2016,YR2016,47.2244403567394
Turks and Caicos Islands,TCA,2017,YR2017,47.1971132337907
Turks and Caicos Islands,TCA,2018,YR2018,47.1715194953159
Turks and Caicos Islands,TCA,2019,YR2019,47.1476551873469
Turks and Caicos Islands,TCA,2020,YR2020,47.1253369866336
Turks and Caicos Islands,TCA,2021,YR2021,47.1044787721759
Turks and Caicos Islands,TCA,2022,YR2022,47.0850771759839
Turks and Caicos Islands,TCA,2023,YR2023,..
Turks and Caicos Islands,TCA,2024,YR2024,..
Tuvalu,TUV,2000,YR2000,7.66980051331356
Tuvalu,TUV,2001,YR2001,7.69265746909702
Tuvalu,TUV,2002,YR2002,7.715567732657
Tuvalu,TUV,2003,YR2003,7.75901088519596
Tuvalu,TUV,2004,YR2004,7.81300582950576
Tuvalu,TUV,2005,YR2005,7.86695600524296
Tuvalu,TUV,2006,YR2006,7.92096411806928
Tuvalu,TUV,2007,YR2007,7.97497799697879
Tuvalu,TUV,2008,YR2008,8.02899803789424
Tuvalu,TUV,2009,YR2009,8.08277011369991
Tuvalu,TUV,2010,YR2010,8.13639522928806
Tuvalu,TUV,2011,YR2011,8.18987454094726
Tuvalu,TUV,2012,YR2012,8.24320639556964
Tuvalu,TUV,2013,YR2013,8.29608637964451
Tuvalu,TUV,2014,YR2014,8.34759533231827
Tuvalu,TUV,2015,YR2015,8.39768347124484
Tuvalu,TUV,2016,YR2016,8.44629931854464
Tuvalu,TUV,2017,YR2017,8.49339046849152
Tuvalu,TUV,2018,YR2018,8.53905946004658
Tuvalu,TUV,2019,YR2019,8.58325508908046
Tuvalu,TUV,2020,YR2020,8.62597716843471
Tuvalu,TUV,2021,YR2021,8.66727593563701
Tuvalu,TUV,2022,YR2022,8.70710061176711
Tuvalu,TUV,2023,YR2023,..
Tuvalu,TUV,2024,YR2024,..
Uganda,UGA,2000,YR2000,2.29626287967983
Uganda,UGA,2001,YR2001,2.73502526637303
Uganda,UGA,2002,YR2002,3.27756273191477
Uganda,UGA,2003,YR2003,3.84094963487299
Uganda,UGA,2004,YR2004,4.42555644657335
Uganda,UGA,2005,YR2005,5.03075868572717
Uganda,UGA,2006,YR2006,5.65771078529133
Uganda,UGA,2007,YR2007,6.30595297889216
Uganda,UGA,2008,YR2008,6.97607811323751
Uganda,UGA,2009,YR2009,7.66777301110629
Uganda,UGA,2010,YR2010,8.38165836815415
Uganda,UGA,2011,YR2011,9.1176342829255
Uganda,UGA,2012,YR2012,9.87610130353659
Uganda,UGA,2013,YR2013,10.6563688377055
Uganda,UGA,2014,YR2014,11.459659449773
Uganda,UGA,2015,YR2015,12.2855424930426
Uganda,UGA,2016,YR2016,13.1335090736868
Uganda,UGA,2017,YR2017,14.0036092022049
Uganda,UGA,2018,YR2018,14.895237559752
Uganda,UGA,2019,YR2019,15.809382175944
Uganda,UGA,2020,YR2020,16.7450812444467
Uganda,UGA,2021,YR2021,17.7023160361058
Uganda,UGA,2022,YR2022,18.6814232075292
Uganda,UGA,2023,YR2023,..
Uganda,UGA,2024,YR2024,..
Ukraine,UKR,2000,YR2000,66.5397827954019
Ukraine,UKR,2001,YR2001,66.55705363725
Ukraine,UKR,2002,YR2002,66.6277376299086
Ukraine,UKR,2003,YR2003,66.7362269765906
Ukraine,UKR,2004,YR2004,69.348448423106
Ukraine,UKR,2005,YR2005,71.957494683954
Ukraine,UKR,2006,YR2006,74.535211797364
Ukraine,UKR,2007,YR2007,77.0916504416735
Ukraine,UKR,2008,YR2008,79.6272761391549
Ukraine,UKR,2009,YR2009,82.141580209515
Ukraine,UKR,2010,YR2010,84.6185048824194
Ukraine,UKR,2011,YR2011,87.0901019247029
Ukraine,UKR,2012,YR2012,89.5565480152031
Ukraine,UKR,2013,YR2013,89.5571972468318
Ukraine,UKR,2014,YR2014,89.0135977787277
Ukraine,UKR,2015,YR2015,88.8409830580509
Ukraine,UKR,2016,YR2016,88.6682642980545
Ukraine,UKR,2017,YR2017,88.4954524104413
Ukraine,UKR,2018,YR2018,88.3225822149896
Ukraine,UKR,2019,YR2019,88.1498640335816
Ukraine,UKR,2020,YR2020,87.9774978969878
Ukraine,UKR,2021,YR2021,87.7693971707308
Ukraine,UKR,2022,YR2022,87.6207250140124
Ukraine,UKR,2023,YR2023,..
Ukraine,UKR,2024,YR2024,..
United Arab Emirates,ARE,2000,YR2000,..
United Arab Emirates,ARE,2001,YR2001,..
United Arab Emirates,ARE,2002,YR2002,..
United Arab Emirates,ARE,2003,YR2003,..
United Arab Emirates,ARE,2004,YR2004,..
United Arab Emirates,ARE,2005,YR2005,..
United Arab Emirates,ARE,2006,YR2006,..
United Arab Emirates,ARE,2007,YR2007,..
United Arab Emirates,ARE,2008,YR2008,..
United Arab Emirates,ARE,2009,YR2009,..
United Arab Emirates,ARE,2010,YR2010,..
United Arab Emirates,ARE,2011,YR2011,..
United Arab Emirates,ARE,2012,YR2012,..
United Arab Emirates,ARE,2013,YR2013,..
United Arab Emirates,ARE,2014,YR2014,..
United Arab Emirates,ARE,2015,YR2015,..
United Arab Emirates,ARE,2016,YR2016,..
United Arab Emirates,ARE,2017,YR2017,..
United Arab Emirates,ARE,2018,YR2018,..
United Arab Emirates,ARE,2019,YR2019,..
United Arab Emirates,ARE,2020,YR2020,..
United Arab Emirates,ARE,2021,YR2021,..
United Arab Emirates,ARE,2022,YR2022,..
United Arab Emirates,ARE,2023,YR2023,..
United Arab Emirates,ARE,2024,YR2024,..
United Kingdom,GBR,2000,YR2000,100
United Kingdom,GBR,2001,YR2001,99.9999977127832
United Kingdom,GBR,2002,YR2002,99.9999974333758
United Kingdom,GBR,2003,YR2003,99.9999964375404
United Kingdom,GBR,2004,YR2004,99.9999976821314
United Kingdom,GBR,2005,YR2005,100
United Kingdom,GBR,2006,YR2006,99.99817826734
United Kingdom,GBR,2007,YR2007,99.9860522931161
United Kingdom,GBR,2008,YR2008,99.9739279239273
United Kingdom,GBR,2009,YR2009,99.9618018698273
United Kingdom,GBR,2010,YR2010,99.9496751540418
United Kingdom,GBR,2011,YR2011,99.9375424388773
United Kingdom,GBR,2012,YR2012,99.9254205134276
United Kingdom,GBR,2013,YR2013,99.9132910436684
United Kingdom,GBR,2014,YR2014,99.9011626850927
United Kingdom,GBR,2015,YR2015,99.8890378286415
United Kingdom,GBR,2016,YR2016,99.8769077507623
United Kingdom,GBR,2017,YR2017,99.8647846689634
United Kingdom,GBR,2018,YR2018,99.852656974279
United Kingdom,GBR,2019,YR2019,99.8405271741814
United Kingdom,GBR,2020,YR2020,99.8284052845126
United Kingdom,GBR,2021,YR2021,99.8162746654794
United Kingdom,GBR,2022,YR2022,99.8041470058874
United Kingdom,GBR,2023,YR2023,..
United Kingdom,GBR,2024,YR2024,..
United States,USA,2000,YR2000,..
United States,USA,2001,YR2001,..
United States,USA,2002,YR2002,..
United States,USA,2003,YR2003,..
United States,USA,2004,YR2004,..
United States,USA,2005,YR2005,95.3550903811312
United States,USA,2006,YR2006,95.3643936516815
United States,USA,2007,YR2007,95.3736420544354
United States,USA,2008,YR2008,95.3828360272631
United States,USA,2009,YR2009,95.3919755910799
United States,USA,2010,YR2010,95.5578891017556
United States,USA,2011,YR2011,95.7230909010984
United States,USA,2012,YR2012,95.8873853143814
United States,USA,2013,YR2013,96.0508053124029
United States,USA,2014,YR2014,96.2132661144565
United States,USA,2015,YR2015,96.3747093495951
United States,USA,2016,YR2016,96.535067426793
United States,USA,2017,YR2017,96.694350796693
United States,USA,2018,YR2018,96.8524325557664
United States,USA,2019,YR2019,97.0093298983949
United States,USA,2020,YR2020,97.1649574893557
United States,USA,2021,YR2021,97.3193002947094
United States,USA,2022,YR2022,97.468388745246
United States,USA,2023,YR2023,..
United States,USA,2024,YR2024,..
Uruguay,URY,2000,YR2000,..
Uruguay,URY,2001,YR2001,..
Uruguay,URY,2002,YR2002,..
Uruguay,URY,2003,YR2003,..
Uruguay,URY,2004,YR2004,..
Uruguay,URY,2005,YR2005,..
Uruguay,URY,2006,YR2006,..
Uruguay,URY,2007,YR2007,..
Uruguay,URY,2008,YR2008,..
Uruguay,URY,2009,YR2009,..
Uruguay,URY,2010,YR2010,..
Uruguay,URY,2011,YR2011,..
Uruguay,URY,2012,YR2012,..
Uruguay,URY,2013,YR2013,..
Uruguay,URY,2014,YR2014,..
Uruguay,URY,2015,YR2015,..
Uruguay,URY,2016,YR2016,..
Uruguay,URY,2017,YR2017,..
Uruguay,URY,2018,YR2018,..
Uruguay,URY,2019,YR2019,..
Uruguay,URY,2020,YR2020,..
Uruguay,URY,2021,YR2021,..
Uruguay,URY,2022,YR2022,..
Uruguay,URY,2023,YR2023,..
Uruguay,URY,2024,YR2024,..
Uzbekistan,UZB,2000,YR2000,53.7674868374195
Uzbekistan,UZB,2001,YR2001,55.1148703933446
Uzbekistan,UZB,2002,YR2002,56.4562490430839
Uzbekistan,UZB,2003,YR2003,57.790802469349
Uzbekistan,UZB,2004,YR2004,59.1177630470343
Uzbekistan,UZB,2005,YR2005,60.4369136524576
Uzbekistan,UZB,2006,YR2006,61.7485066346126
Uzbekistan,UZB,2007,YR2007,63.0518253279618
Uzbekistan,UZB,2008,YR2008,64.3466524979184
Uzbekistan,UZB,2009,YR2009,65.6323516831897
Uzbekistan,UZB,2010,YR2010,66.9095658946604
Uzbekistan,UZB,2011,YR2011,68.0666927623743
Uzbekistan,UZB,2012,YR2012,69.1172609785313
Uzbekistan,UZB,2013,YR2013,70.1788930957879
Uzbekistan,UZB,2014,YR2014,71.2516264475664
Uzbekistan,UZB,2015,YR2015,72.3355130807258
Uzbekistan,UZB,2016,YR2016,73.4305954763321
Uzbekistan,UZB,2017,YR2017,74.5369168028385
Uzbekistan,UZB,2018,YR2018,75.6617221509532
Uzbekistan,UZB,2019,YR2019,76.7745560240981
Uzbekistan,UZB,2020,YR2020,77.7884749182579
Uzbekistan,UZB,2021,YR2021,78.8125969425787
Uzbekistan,UZB,2022,YR2022,79.8452982407754
Uzbekistan,UZB,2023,YR2023,..
Uzbekistan,UZB,2024,YR2024,..
Vanuatu,VUT,2000,YR2000,..
Vanuatu,VUT,2001,YR2001,..
Vanuatu,VUT,2002,YR2002,..
Vanuatu,VUT,2003,YR2003,..
Vanuatu,VUT,2004,YR2004,..
Vanuatu,VUT,2005,YR2005,..
Vanuatu,VUT,2006,YR2006,..
Vanuatu,VUT,2007,YR2007,..
Vanuatu,VUT,2008,YR2008,..
Vanuatu,VUT,2009,YR2009,..
Vanuatu,VUT,2010,YR2010,..
Vanuatu,VUT,2011,YR2011,..
Vanuatu,VUT,2012,YR2012,..
Vanuatu,VUT,2013,YR2013,..
Vanuatu,VUT,2014,YR2014,..
Vanuatu,VUT,2015,YR2015,..
Vanuatu,VUT,2016,YR2016,..
Vanuatu,VUT,2017,YR2017,..
Vanuatu,VUT,2018,YR2018,..
Vanuatu,VUT,2019,YR2019,..
Vanuatu,VUT,2020,YR2020,..
Vanuatu,VUT,2021,YR2021,..
Vanuatu,VUT,2022,YR2022,..
Vanuatu,VUT,2023,YR2023,..
Vanuatu,VUT,2024,YR2024,..
"Venezuela, RB",VEN,2000,YR2000,..
"Venezuela, RB",VEN,2001,YR2001,..
"Venezuela, RB",VEN,2002,YR2002,..
"Venezuela, RB",VEN,2003,YR2003,..
"Venezuela, RB",VEN,2004,YR2004,..
"Venezuela, RB",VEN,2005,YR2005,..
"Venezuela, RB",VEN,2006,YR2006,..
"Venezuela, RB",VEN,2007,YR2007,..
"Venezuela, RB",VEN,2008,YR2008,..
"Venezuela, RB",VEN,2009,YR2009,..
"Venezuela, RB",VEN,2010,YR2010,..
"Venezuela, RB",VEN,2011,YR2011,..
"Venezuela, RB",VEN,2012,YR2012,..
"Venezuela, RB",VEN,2013,YR2013,..
"Venezuela, RB",VEN,2014,YR2014,..
"Venezuela, RB",VEN,2015,YR2015,..
"Venezuela, RB",VEN,2016,YR2016,..
"Venezuela, RB",VEN,2017,YR2017,..
"Venezuela, RB",VEN,2018,YR2018,..
"Venezuela, RB",VEN,2019,YR2019,..
"Venezuela, RB",VEN,2020,YR2020,..
"Venezuela, RB",VEN,2021,YR2021,..
"Venezuela, RB",VEN,2022,YR2022,..
"Venezuela, RB",VEN,2023,YR2023,..
"Venezuela, RB",VEN,2024,YR2024,..
Viet Nam,VNM,2000,YR2000,45.6390026063153
Viet Nam,VNM,2001,YR2001,46.2039694052987
Viet Nam,VNM,2002,YR2002,46.7691161732005
Viet Nam,VNM,2003,YR2003,47.3329007895177
Viet Nam,VNM,2004,YR2004,47.8963134909468
Viet Nam,VNM,2005,YR2005,48.4582045028969
Viet Nam,VNM,2006,YR2006,49.0191939605619
Viet Nam,VNM,2007,YR2007,49.5791933168683
Viet Nam,VNM,2008,YR2008,50.1377689990671
Viet Nam,VNM,2009,YR2009,50.6955168684515
Viet Nam,VNM,2010,YR2010,51.2560122547062
Viet Nam,VNM,2011,YR2011,51.8147388591393
Viet Nam,VNM,2012,YR2012,52.3719497976386
Viet Nam,VNM,2013,YR2013,52.9262506540064
Viet Nam,VNM,2014,YR2014,53.4788779942952
Viet Nam,VNM,2015,YR2015,54.0294223463039
Viet Nam,VNM,2016,YR2016,54.5774894367179
Viet Nam,VNM,2017,YR2017,55.1214549847853
Viet Nam,VNM,2018,YR2018,55.6616086338339
Viet Nam,VNM,2019,YR2019,56.197914249135
Viet Nam,VNM,2020,YR2020,56.7303498221906
Viet Nam,VNM,2021,YR2021,57.2579824708975
Viet Nam,VNM,2022,YR2022,57.7814114254904
Viet Nam,VNM,2023,YR2023,..
Viet Nam,VNM,2024,YR2024,..
Virgin Islands (U.S.),VIR,2000,YR2000,97.583093306081
Virgin Islands (U.S.),VIR,2001,YR2001,97.6125034754348
Virgin Islands (U.S.),VIR,2002,YR2002,97.641913641548
Virgin Islands (U.S.),VIR,2003,YR2003,97.6713238044204
Virgin Islands (U.S.),VIR,2004,YR2004,97.7007339640522
Virgin Islands (U.S.),VIR,2005,YR2005,97.7301441204433
Virgin Islands (U.S.),VIR,2006,YR2006,97.7595542735937
Virgin Islands (U.S.),VIR,2007,YR2007,97.7889644235034
Virgin Islands (U.S.),VIR,2008,YR2008,97.8183745701725
Virgin Islands (U.S.),VIR,2009,YR2009,97.8477847136008
Virgin Islands (U.S.),VIR,2010,YR2010,97.8771948537886
Virgin Islands (U.S.),VIR,2011,YR2011,97.9066049907356
Virgin Islands (U.S.),VIR,2012,YR2012,97.9360151244419
Virgin Islands (U.S.),VIR,2013,YR2013,97.9360097296831
Virgin Islands (U.S.),VIR,2014,YR2014,97.9360043349244
Virgin Islands (U.S.),VIR,2015,YR2015,97.9359989401656
Virgin Islands (U.S.),VIR,2016,YR2016,97.9359935454068
Virgin Islands (U.S.),VIR,2017,YR2017,97.9359935454068
Virgin Islands (U.S.),VIR,2018,YR2018,97.9359935454068
Virgin Islands (U.S.),VIR,2019,YR2019,97.9359935454068
Virgin Islands (U.S.),VIR,2020,YR2020,97.9359935454068
Virgin Islands (U.S.),VIR,2021,YR2021,..
Virgin Islands (U.S.),VIR,2022,YR2022,..
Virgin Islands (U.S.),VIR,2023,YR2023,..
Virgin Islands (U.S.),VIR,2024,YR2024,..
West Bank and Gaza,PSE,2000,YR2000,73.1364491194853
West Bank and Gaza,PSE,2001,YR2001,73.4689138016954
West Bank and Gaza,PSE,2002,YR2002,73.8008204636219
West Bank and Gaza,PSE,2003,YR2003,74.132020957617
West Bank and Gaza,PSE,2004,YR2004,74.4626765404293
West Bank and Gaza,PSE,2005,YR2005,74.7926354848794
West Bank and Gaza,PSE,2006,YR2006,75.1219833441015
West Bank and Gaza,PSE,2007,YR2007,75.4507894107421
West Bank and Gaza,PSE,2008,YR2008,75.7789198501623
West Bank and Gaza,PSE,2009,YR2009,76.1069139998463
West Bank and Gaza,PSE,2010,YR2010,76.4348087684469
West Bank and Gaza,PSE,2011,YR2011,76.7625295096333
West Bank and Gaza,PSE,2012,YR2012,77.0900409425149
West Bank and Gaza,PSE,2013,YR2013,77.4173248128759
West Bank and Gaza,PSE,2014,YR2014,77.7443550142606
West Bank and Gaza,PSE,2015,YR2015,78.0710544721808
West Bank and Gaza,PSE,2016,YR2016,78.397401435586
West Bank and Gaza,PSE,2017,YR2017,78.7234320770618
West Bank and Gaza,PSE,2018,YR2018,79.0490188936285
West Bank and Gaza,PSE,2019,YR2019,79.3742478944477
West Bank and Gaza,PSE,2020,YR2020,79.6989458183278
West Bank and Gaza,PSE,2021,YR2021,80.0231943243309
West Bank and Gaza,PSE,2022,YR2022,80.3301824695162
West Bank and Gaza,PSE,2023,YR2023,..
West Bank and Gaza,PSE,2024,YR2024,..
"Yemen, Rep.",YEM,2000,YR2000,..
"Yemen, Rep.",YEM,2001,YR2001,..
"Yemen, Rep.",YEM,2002,YR2002,..
"Yemen, Rep.",YEM,2003,YR2003,..
"Yemen, Rep.",YEM,2004,YR2004,..
"Yemen, Rep.",YEM,2005,YR2005,..
"Yemen, Rep.",YEM,2006,YR2006,..
"Yemen, Rep.",YEM,2007,YR2007,..
"Yemen, Rep.",YEM,2008,YR2008,..
"Yemen, Rep.",YEM,2009,YR2009,..
"Yemen, Rep.",YEM,2010,YR2010,..
"Yemen, Rep.",YEM,2011,YR2011,..
"Yemen, Rep.",YEM,2012,YR2012,..
"Yemen, Rep.",YEM,2013,YR2013,..
"Yemen, Rep.",YEM,2014,YR2014,..
"Yemen, Rep.",YEM,2015,YR2015,..
"Yemen, Rep.",YEM,2016,YR2016,..
"Yemen, Rep.",YEM,2017,YR2017,..
"Yemen, Rep.",YEM,2018,YR2018,..
"Yemen, Rep.",YEM,2019,YR2019,..
"Yemen, Rep.",YEM,2020,YR2020,..
"Yemen, Rep.",YEM,2021,YR2021,..
"Yemen, Rep.",YEM,2022,YR2022,..
"Yemen, Rep.",YEM,2023,YR2023,..
"Yemen, Rep.",YEM,2024,YR2024,..
Zambia,ZMB,2000,YR2000,..
Zambia,ZMB,2001,YR2001,..
Zambia,ZMB,2002,YR2002,..
Zambia,ZMB,2003,YR2003,..
Zambia,ZMB,2004,YR2004,..
Zambia,ZMB,2005,YR2005,..
Zambia,ZMB,2006,YR2006,..
Zambia,ZMB,2007,YR2007,..
Zambia,ZMB,2008,YR2008,..
Zambia,ZMB,2009,YR2009,..
Zambia,ZMB,2010,YR2010,..
Zambia,ZMB,2011,YR2011,..
Zambia,ZMB,2012,YR2012,..
Zambia,ZMB,2013,YR2013,..
Zambia,ZMB,2014,YR2014,..
Zambia,ZMB,2015,YR2015,..
Zambia,ZMB,2016,YR2016,..
Zambia,ZMB,2017,YR2017,..
Zambia,ZMB,2018,YR2018,..
Zambia,ZMB,2019,YR2019,..
Zambia,ZMB,2020,YR2020,..
Zambia,ZMB,2021,YR2021,..
Zambia,ZMB,2022,YR2022,..
Zambia,ZMB,2023,YR2023,..
Zambia,ZMB,2024,YR2024,..
Zimbabwe,ZWE,2000,YR2000,29.1933272287899
Zimbabwe,ZWE,2001,YR2001,29.3447628566926
Zimbabwe,ZWE,2002,YR2002,29.4752630173317
Zimbabwe,ZWE,2003,YR2003,29.4471279520498
Zimbabwe,ZWE,2004,YR2004,29.3894113590863
Zimbabwe,ZWE,2005,YR2005,29.1944739448653
Zimbabwe,ZWE,2006,YR2006,28.9988812477773
Zimbabwe,ZWE,2007,YR2007,28.8030179712037
Zimbabwe,ZWE,2008,YR2008,28.6065152600215
Zimbabwe,ZWE,2009,YR2009,28.409765830147
Zimbabwe,ZWE,2010,YR2010,28.2123945008164
Zimbabwe,ZWE,2011,YR2011,28.0148002105616
Zimbabwe,ZWE,2012,YR2012,27.816599335063
Zimbabwe,ZWE,2013,YR2013,27.6182001665217
Zimbabwe,ZWE,2014,YR2014,27.431369291366
Zimbabwe,ZWE,2015,YR2015,27.2568176891054
Zimbabwe,ZWE,2016,YR2016,27.0944535609013
Zimbabwe,ZWE,2017,YR2017,26.9445884339127
Zimbabwe,ZWE,2018,YR2018,26.807938485019
Zimbabwe,ZWE,2019,YR2019,26.6839776541278
Zimbabwe,ZWE,2020,YR2020,26.5738460316127
Zimbabwe,ZWE,2021,YR2021,26.4769953287703
Zimbabwe,ZWE,2022,YR2022,26.5164278963248
Zimbabwe,ZWE,2023,YR2023,..
Zimbabwe,ZWE,2024,YR2024,..
Africa Eastern and Southern,AFE,2000,YR2000,..
Africa Eastern and Southern,AFE,2001,YR2001,..
Africa Eastern and Southern,AFE,2002,YR2002,..
Africa Eastern and Southern,AFE,2003,YR2003,..
Africa Eastern and Southern,AFE,2004,YR2004,..
Africa Eastern and Southern,AFE,2005,YR2005,..
Africa Eastern and Southern,AFE,2006,YR2006,..
Africa Eastern and Southern,AFE,2007,YR2007,..
Africa Eastern and Southern,AFE,2008,YR2008,..
Africa Eastern and Southern,AFE,2009,YR2009,..
Africa Eastern and Southern,AFE,2010,YR2010,..
Africa Eastern and Southern,AFE,2011,YR2011,..
Africa Eastern and Southern,AFE,2012,YR2012,..
Africa Eastern and Southern,AFE,2013,YR2013,..
Africa Eastern and Southern,AFE,2014,YR2014,..
Africa Eastern and Southern,AFE,2015,YR2015,..
Africa Eastern and Southern,AFE,2016,YR2016,..
Africa Eastern and Southern,AFE,2017,YR2017,..
Africa Eastern and Southern,AFE,2018,YR2018,..
Africa Eastern and Southern,AFE,2019,YR2019,..
Africa Eastern and Southern,AFE,2020,YR2020,..
Africa Eastern and Southern,AFE,2021,YR2021,..
Africa Eastern and Southern,AFE,2022,YR2022,..
Africa Eastern and Southern,AFE,2023,YR2023,..
Africa Eastern and Southern,AFE,2024,YR2024,..
Africa Western and Central,AFW,2000,YR2000,13.4995459767434
Africa Western and Central,AFW,2001,YR2001,13.8168939931519
Africa Western and Central,AFW,2002,YR2002,14.4763939761007
Africa Western and Central,AFW,2003,YR2003,15.1422009213538
Africa Western and Central,AFW,2004,YR2004,15.8727058557504
Africa Western and Central,AFW,2005,YR2005,16.626167279659
Africa Western and Central,AFW,2006,YR2006,17.4032289842604
Africa Western and Central,AFW,2007,YR2007,18.2013201198823
Africa Western and Central,AFW,2008,YR2008,19.0174277022594
Africa Western and Central,AFW,2009,YR2009,19.8608102424992
Africa Western and Central,AFW,2010,YR2010,20.7276544003477
Africa Western and Central,AFW,2011,YR2011,21.7151202362476
Africa Western and Central,AFW,2012,YR2012,22.9235013667019
Africa Western and Central,AFW,2013,YR2013,23.7339454349158
Africa Western and Central,AFW,2014,YR2014,24.4646479996487
Africa Western and Central,AFW,2015,YR2015,25.2031307008316
Africa Western and Central,AFW,2016,YR2016,25.9396645576694
Africa Western and Central,AFW,2017,YR2017,26.6707091632912
Africa Western and Central,AFW,2018,YR2018,27.3927982384078
Africa Western and Central,AFW,2019,YR2019,28.1138644335838
Africa Western and Central,AFW,2020,YR2020,28.8100012697245
Africa Western and Central,AFW,2021,YR2021,29.3216549111783
Africa Western and Central,AFW,2022,YR2022,29.5172067235587
Africa Western and Central,AFW,2023,YR2023,..
Africa Western and Central,AFW,2024,YR2024,..
Arab World,ARB,2000,YR2000,..
Arab World,ARB,2001,YR2001,..
Arab World,ARB,2002,YR2002,..
Arab World,ARB,2003,YR2003,..
Arab World,ARB,2004,YR2004,..
Arab World,ARB,2005,YR2005,..
Arab World,ARB,2006,YR2006,..
Arab World,ARB,2007,YR2007,..
Arab World,ARB,2008,YR2008,..
Arab World,ARB,2009,YR2009,..
Arab World,ARB,2010,YR2010,..
Arab World,ARB,2011,YR2011,..
Arab World,ARB,2012,YR2012,..
Arab World,ARB,2013,YR2013,..
Arab World,ARB,2014,YR2014,..
Arab World,ARB,2015,YR2015,..
Arab World,ARB,2016,YR2016,..
Arab World,ARB,2017,YR2017,..
Arab World,ARB,2018,YR2018,..
Arab World,ARB,2019,YR2019,..
Arab World,ARB,2020,YR2020,..
Arab World,ARB,2021,YR2021,..
Arab World,ARB,2022,YR2022,..
Arab World,ARB,2023,YR2023,..
Arab World,ARB,2024,YR2024,..
Caribbean small states,CSS,2000,YR2000,..
Caribbean small states,CSS,2001,YR2001,..
Caribbean small states,CSS,2002,YR2002,..
Caribbean small states,CSS,2003,YR2003,..
Caribbean small states,CSS,2004,YR2004,..
Caribbean small states,CSS,2005,YR2005,..
Caribbean small states,CSS,2006,YR2006,..
Caribbean small states,CSS,2007,YR2007,..
Caribbean small states,CSS,2008,YR2008,..
Caribbean small states,CSS,2009,YR2009,..
Caribbean small states,CSS,2010,YR2010,..
Caribbean small states,CSS,2011,YR2011,..
Caribbean small states,CSS,2012,YR2012,..
Caribbean small states,CSS,2013,YR2013,..
Caribbean small states,CSS,2014,YR2014,..
Caribbean small states,CSS,2015,YR2015,..
Caribbean small states,CSS,2016,YR2016,..
Caribbean small states,CSS,2017,YR2017,..
Caribbean small states,CSS,2018,YR2018,..
Caribbean small states,CSS,2019,YR2019,..
Caribbean small states,CSS,2020,YR2020,..
Caribbean small states,CSS,2021,YR2021,..
Caribbean small states,CSS,2022,YR2022,..
Caribbean small states,CSS,2023,YR2023,..
Caribbean small states,CSS,2024,YR2024,..
Central Europe and the Baltics,CEB,2000,YR2000,..
Central Europe and the Baltics,CEB,2001,YR2001,..
Central Europe and the Baltics,CEB,2002,YR2002,..
Central Europe and the Baltics,CEB,2003,YR2003,..
Central Europe and the Baltics,CEB,2004,YR2004,..
Central Europe and the Baltics,CEB,2005,YR2005,89.1848778734126
Central Europe and the Baltics,CEB,2006,YR2006,89.4986302128428
Central Europe and the Baltics,CEB,2007,YR2007,89.8312768137842
Central Europe and the Baltics,CEB,2008,YR2008,90.3718032330261
Central Europe and the Baltics,CEB,2009,YR2009,90.7096256852673
Central Europe and the Baltics,CEB,2010,YR2010,90.8010688902485
Central Europe and the Baltics,CEB,2011,YR2011,90.888666678068
Central Europe and the Baltics,CEB,2012,YR2012,90.9393733566684
Central Europe and the Baltics,CEB,2013,YR2013,91.1100483962919
Central Europe and the Baltics,CEB,2014,YR2014,91.2741735968185
Central Europe and the Baltics,CEB,2015,YR2015,91.3749797039995
Central Europe and the Baltics,CEB,2016,YR2016,91.4625131963034
Central Europe and the Baltics,CEB,2017,YR2017,91.5123389275512
Central Europe and the Baltics,CEB,2018,YR2018,91.5636413463048
Central Europe and the Baltics,CEB,2019,YR2019,91.5992134545326
Central Europe and the Baltics,CEB,2020,YR2020,91.496371161351
Central Europe and the Baltics,CEB,2021,YR2021,91.3226063504536
Central Europe and the Baltics,CEB,2022,YR2022,91.35177471804
Central Europe and the Baltics,CEB,2023,YR2023,..
Central Europe and the Baltics,CEB,2024,YR2024,..
Early-demographic dividend,EAR,2000,YR2000,..
Early-demographic dividend,EAR,2001,YR2001,..
Early-demographic dividend,EAR,2002,YR2002,..
Early-demographic dividend,EAR,2003,YR2003,..
Early-demographic dividend,EAR,2004,YR2004,..
Early-demographic dividend,EAR,2005,YR2005,..
Early-demographic dividend,EAR,2006,YR2006,..
Early-demographic dividend,EAR,2007,YR2007,..
Early-demographic dividend,EAR,2008,YR2008,..
Early-demographic dividend,EAR,2009,YR2009,..
Early-demographic dividend,EAR,2010,YR2010,..
Early-demographic dividend,EAR,2011,YR2011,..
Early-demographic dividend,EAR,2012,YR2012,..
Early-demographic dividend,EAR,2013,YR2013,..
Early-demographic dividend,EAR,2014,YR2014,..
Early-demographic dividend,EAR,2015,YR2015,..
Early-demographic dividend,EAR,2016,YR2016,..
Early-demographic dividend,EAR,2017,YR2017,..
Early-demographic dividend,EAR,2018,YR2018,..
Early-demographic dividend,EAR,2019,YR2019,..
Early-demographic dividend,EAR,2020,YR2020,..
Early-demographic dividend,EAR,2021,YR2021,..
Early-demographic dividend,EAR,2022,YR2022,..
Early-demographic dividend,EAR,2023,YR2023,..
Early-demographic dividend,EAR,2024,YR2024,..
East Asia & Pacific,EAS,2000,YR2000,68.0339609456741
East Asia & Pacific,EAS,2001,YR2001,68.3745592272323
East Asia & Pacific,EAS,2002,YR2002,69.6107035157427
East Asia & Pacific,EAS,2003,YR2003,70.3569829091918
East Asia & Pacific,EAS,2004,YR2004,71.0837024529126
East Asia & Pacific,EAS,2005,YR2005,71.7987962335515
East Asia & Pacific,EAS,2006,YR2006,72.4976548232838
East Asia & Pacific,EAS,2007,YR2007,73.179766377392
East Asia & Pacific,EAS,2008,YR2008,73.8427697616213
East Asia & Pacific,EAS,2009,YR2009,74.4883565134865
East Asia & Pacific,EAS,2010,YR2010,75.1129159388658
East Asia & Pacific,EAS,2011,YR2011,70.4527643130773
East Asia & Pacific,EAS,2012,YR2012,71.2693373975161
East Asia & Pacific,EAS,2013,YR2013,72.0806302593618
East Asia & Pacific,EAS,2014,YR2014,72.8851061715607
East Asia & Pacific,EAS,2015,YR2015,73.6797660830461
East Asia & Pacific,EAS,2016,YR2016,74.4631689951291
East Asia & Pacific,EAS,2017,YR2017,75.2377812636008
East Asia & Pacific,EAS,2018,YR2018,75.9949577229654
East Asia & Pacific,EAS,2019,YR2019,76.7350409304288
East Asia & Pacific,EAS,2020,YR2020,77.4380417028017
East Asia & Pacific,EAS,2021,YR2021,78.095677448162
East Asia & Pacific,EAS,2022,YR2022,78.4470389439723
East Asia & Pacific,EAS,2023,YR2023,..
East Asia & Pacific,EAS,2024,YR2024,..
East Asia & Pacific (excluding high income),EAP,2000,YR2000,..
East Asia & Pacific (excluding high income),EAP,2001,YR2001,..
East Asia & Pacific (excluding high income),EAP,2002,YR2002,..
East Asia & Pacific (excluding high income),EAP,2003,YR2003,..
East Asia & Pacific (excluding high income),EAP,2004,YR2004,..
East Asia & Pacific (excluding high income),EAP,2005,YR2005,..
East Asia & Pacific (excluding high income),EAP,2006,YR2006,..
East Asia & Pacific (excluding high income),EAP,2007,YR2007,..
East Asia & Pacific (excluding high income),EAP,2008,YR2008,..
East Asia & Pacific (excluding high income),EAP,2009,YR2009,..
East Asia & Pacific (excluding high income),EAP,2010,YR2010,..
East Asia & Pacific (excluding high income),EAP,2011,YR2011,..
East Asia & Pacific (excluding high income),EAP,2012,YR2012,..
East Asia & Pacific (excluding high income),EAP,2013,YR2013,..
East Asia & Pacific (excluding high income),EAP,2014,YR2014,..
East Asia & Pacific (excluding high income),EAP,2015,YR2015,..
East Asia & Pacific (excluding high income),EAP,2016,YR2016,..
East Asia & Pacific (excluding high income),EAP,2017,YR2017,..
East Asia & Pacific (excluding high income),EAP,2018,YR2018,..
East Asia & Pacific (excluding high income),EAP,2019,YR2019,..
East Asia & Pacific (excluding high income),EAP,2020,YR2020,..
East Asia & Pacific (excluding high income),EAP,2021,YR2021,..
East Asia & Pacific (excluding high income),EAP,2022,YR2022,..
East Asia & Pacific (excluding high income),EAP,2023,YR2023,..
East Asia & Pacific (excluding high income),EAP,2024,YR2024,..
East Asia & Pacific (IDA & IBRD countries),TEA,2000,YR2000,..
East Asia & Pacific (IDA & IBRD countries),TEA,2001,YR2001,..
East Asia & Pacific (IDA & IBRD countries),TEA,2002,YR2002,..
East Asia & Pacific (IDA & IBRD countries),TEA,2003,YR2003,..
East Asia & Pacific (IDA & IBRD countries),TEA,2004,YR2004,..
East Asia & Pacific (IDA & IBRD countries),TEA,2005,YR2005,..
East Asia & Pacific (IDA & IBRD countries),TEA,2006,YR2006,..
East Asia & Pacific (IDA & IBRD countries),TEA,2007,YR2007,..
East Asia & Pacific (IDA & IBRD countries),TEA,2008,YR2008,..
East Asia & Pacific (IDA & IBRD countries),TEA,2009,YR2009,..
East Asia & Pacific (IDA & IBRD countries),TEA,2010,YR2010,..
East Asia & Pacific (IDA & IBRD countries),TEA,2011,YR2011,..
East Asia & Pacific (IDA & IBRD countries),TEA,2012,YR2012,..
East Asia & Pacific (IDA & IBRD countries),TEA,2013,YR2013,..
East Asia & Pacific (IDA & IBRD countries),TEA,2014,YR2014,..
East Asia & Pacific (IDA & IBRD countries),TEA,2015,YR2015,..
East Asia & Pacific (IDA & IBRD countries),TEA,2016,YR2016,..
East Asia & Pacific (IDA & IBRD countries),TEA,2017,YR2017,..
East Asia & Pacific (IDA & IBRD countries),TEA,2018,YR2018,..
East Asia & Pacific (IDA & IBRD countries),TEA,2019,YR2019,..
East Asia & Pacific (IDA & IBRD countries),TEA,2020,YR2020,..
East Asia & Pacific (IDA & IBRD countries),TEA,2021,YR2021,..
East Asia & Pacific (IDA & IBRD countries),TEA,2022,YR2022,..
East Asia & Pacific (IDA & IBRD countries),TEA,2023,YR2023,..
East Asia & Pacific (IDA & IBRD countries),TEA,2024,YR2024,..
Euro area,EMU,2000,YR2000,96.8053649644482
Euro area,EMU,2001,YR2001,96.8716935811281
Euro area,EMU,2002,YR2002,96.9475945133577
Euro area,EMU,2003,YR2003,97.0229380576421
Euro area,EMU,2004,YR2004,97.1379212733438
Euro area,EMU,2005,YR2005,97.309082282566
Euro area,EMU,2006,YR2006,97.4771358029937
Euro area,EMU,2007,YR2007,97.6159192078494
Euro area,EMU,2008,YR2008,97.8655099135578
Euro area,EMU,2009,YR2009,97.9529357779417
Euro area,EMU,2010,YR2010,98.0492356199068
Euro area,EMU,2011,YR2011,98.118042738904
Euro area,EMU,2012,YR2012,98.147371101435
Euro area,EMU,2013,YR2013,98.168711145801
Euro area,EMU,2014,YR2014,98.1882514277655
Euro area,EMU,2015,YR2015,98.207278525537
Euro area,EMU,2016,YR2016,98.2189104042889
Euro area,EMU,2017,YR2017,98.2190244735423
Euro area,EMU,2018,YR2018,98.2156941912969
Euro area,EMU,2019,YR2019,98.2174355065265
Euro area,EMU,2020,YR2020,98.2149828145722
Euro area,EMU,2021,YR2021,98.2096529680117
Euro area,EMU,2022,YR2022,98.2334698623631
Euro area,EMU,2023,YR2023,..
Euro area,EMU,2024,YR2024,..
Europe & Central Asia,ECS,2000,YR2000,86.2993545165705
Europe & Central Asia,ECS,2001,YR2001,86.4336244226215
Europe & Central Asia,ECS,2002,YR2002,86.6318381094586
Europe & Central Asia,ECS,2003,YR2003,86.839621245975
Europe & Central Asia,ECS,2004,YR2004,87.226980175468
Europe & Central Asia,ECS,2005,YR2005,88.1357088438638
Europe & Central Asia,ECS,2006,YR2006,88.5349072704027
Europe & Central Asia,ECS,2007,YR2007,88.93485864525
Europe & Central Asia,ECS,2008,YR2008,89.3582803028495
Europe & Central Asia,ECS,2009,YR2009,89.7428000571341
Europe & Central Asia,ECS,2010,YR2010,90.0932110118621
Europe & Central Asia,ECS,2011,YR2011,90.4363168289132
Europe & Central Asia,ECS,2012,YR2012,90.7436446765882
Europe & Central Asia,ECS,2013,YR2013,91.0384746679417
Europe & Central Asia,ECS,2014,YR2014,91.2008686576081
Europe & Central Asia,ECS,2015,YR2015,91.3557372826339
Europe & Central Asia,ECS,2016,YR2016,91.4954771609371
Europe & Central Asia,ECS,2017,YR2017,91.6390859432339
Europe & Central Asia,ECS,2018,YR2018,91.7549693907274
Europe & Central Asia,ECS,2019,YR2019,91.8703946167609
Europe & Central Asia,ECS,2020,YR2020,91.9500105178688
Europe & Central Asia,ECS,2021,YR2021,91.9885829417885
Europe & Central Asia,ECS,2022,YR2022,91.8732478669711
Europe & Central Asia,ECS,2023,YR2023,..
Europe & Central Asia,ECS,2024,YR2024,..
Europe & Central Asia (excluding high income),ECA,2000,YR2000,63.2358569780777
Europe & Central Asia (excluding high income),ECA,2001,YR2001,63.6616178403847
Europe & Central Asia (excluding high income),ECA,2002,YR2002,64.1936954937114
Europe & Central Asia (excluding high income),ECA,2003,YR2003,64.7504549152435
Europe & Central Asia (excluding high income),ECA,2004,YR2004,66.2050065806645
Europe & Central Asia (excluding high income),ECA,2005,YR2005,67.7176887407144
Europe & Central Asia (excluding high income),ECA,2006,YR2006,69.2838773985713
Europe & Central Asia (excluding high income),ECA,2007,YR2007,70.7791583579058
Europe & Central Asia (excluding high income),ECA,2008,YR2008,72.2577364127673
Europe & Central Asia (excluding high income),ECA,2009,YR2009,73.7250873228637
Europe & Central Asia (excluding high income),ECA,2010,YR2010,75.1867498552378
Europe & Central Asia (excluding high income),ECA,2011,YR2011,76.6193834035078
Europe & Central Asia (excluding high income),ECA,2012,YR2012,78.0154284031604
Europe & Central Asia (excluding high income),ECA,2013,YR2013,78.6668077816591
Europe & Central Asia (excluding high income),ECA,2014,YR2014,79.1184480081129
Europe & Central Asia (excluding high income),ECA,2015,YR2015,79.6145399113232
Europe & Central Asia (excluding high income),ECA,2016,YR2016,..
Europe & Central Asia (excluding high income),ECA,2017,YR2017,..
Europe & Central Asia (excluding high income),ECA,2018,YR2018,..
Europe & Central Asia (excluding high income),ECA,2019,YR2019,..
Europe & Central Asia (excluding high income),ECA,2020,YR2020,..
Europe & Central Asia (excluding high income),ECA,2021,YR2021,..
Europe & Central Asia (excluding high income),ECA,2022,YR2022,..
Europe & Central Asia (excluding high income),ECA,2023,YR2023,..
Europe & Central Asia (excluding high income),ECA,2024,YR2024,..
Europe & Central Asia (IDA & IBRD countries),TEC,2000,YR2000,70.4999926470853
Europe & Central Asia (IDA & IBRD countries),TEC,2001,YR2001,70.6660945539232
Europe & Central Asia (IDA & IBRD countries),TEC,2002,YR2002,70.9066425720776
Europe & Central Asia (IDA & IBRD countries),TEC,2003,YR2003,71.1817306412662
Europe & Central Asia (IDA & IBRD countries),TEC,2004,YR2004,71.8743484129439
Europe & Central Asia (IDA & IBRD countries),TEC,2005,YR2005,74.6141815131976
Europe & Central Asia (IDA & IBRD countries),TEC,2006,YR2006,75.3179043537559
Europe & Central Asia (IDA & IBRD countries),TEC,2007,YR2007,76.0022439117832
Europe & Central Asia (IDA & IBRD countries),TEC,2008,YR2008,76.5781086961624
Europe & Central Asia (IDA & IBRD countries),TEC,2009,YR2009,77.2669551766314
Europe & Central Asia (IDA & IBRD countries),TEC,2010,YR2010,77.8820477024777
Europe & Central Asia (IDA & IBRD countries),TEC,2011,YR2011,78.4922010255137
Europe & Central Asia (IDA & IBRD countries),TEC,2012,YR2012,79.0855875073204
Europe & Central Asia (IDA & IBRD countries),TEC,2013,YR2013,79.3550756785317
Europe & Central Asia (IDA & IBRD countries),TEC,2014,YR2014,79.5422072774026
Europe & Central Asia (IDA & IBRD countries),TEC,2015,YR2015,79.7386742200122
Europe & Central Asia (IDA & IBRD countries),TEC,2016,YR2016,79.94222994924
Europe & Central Asia (IDA & IBRD countries),TEC,2017,YR2017,80.1550881283802
Europe & Central Asia (IDA & IBRD countries),TEC,2018,YR2018,80.2947129196515
Europe & Central Asia (IDA & IBRD countries),TEC,2019,YR2019,80.4173814064696
Europe & Central Asia (IDA & IBRD countries),TEC,2020,YR2020,80.4755773104152
Europe & Central Asia (IDA & IBRD countries),TEC,2021,YR2021,80.4998143197416
Europe & Central Asia (IDA & IBRD countries),TEC,2022,YR2022,80.0653394817468
Europe & Central Asia (IDA & IBRD countries),TEC,2023,YR2023,..
Europe & Central Asia (IDA & IBRD countries),TEC,2024,YR2024,..
European Union,EUU,2000,YR2000,95.5289096335526
European Union,EUU,2001,YR2001,95.6104076305813
European Union,EUU,2002,YR2002,95.7101298464155
European Union,EUU,2003,YR2003,95.8028029227769
European Union,EUU,2004,YR2004,95.9326225004661
European Union,EUU,2005,YR2005,95.7460528090691
European Union,EUU,2006,YR2006,95.9397195908248
European Union,EUU,2007,YR2007,96.1176284731704
European Union,EUU,2008,YR2008,96.3668218888061
European Union,EUU,2009,YR2009,96.4986044226373
European Union,EUU,2010,YR2010,96.5777432590642
European Union,EUU,2011,YR2011,96.6282225235367
European Union,EUU,2012,YR2012,96.6505082947688
European Union,EUU,2013,YR2013,96.697822430171
European Union,EUU,2014,YR2014,96.7416419167289
European Union,EUU,2015,YR2015,96.7727781371314
European Union,EUU,2016,YR2016,96.7983974817776
European Union,EUU,2017,YR2017,96.8134655734934
European Union,EUU,2018,YR2018,96.8262474630903
European Union,EUU,2019,YR2019,96.8356046790968
European Union,EUU,2020,YR2020,96.8173081105171
European Union,EUU,2021,YR2021,96.7868582200335
European Union,EUU,2022,YR2022,96.8170087284375
European Union,EUU,2023,YR2023,..
European Union,EUU,2024,YR2024,..
Fragile and conflict affected situations,FCS,2000,YR2000,22.5935703770946
Fragile and conflict affected situations,FCS,2001,YR2001,22.7620822874586
Fragile and conflict affected situations,FCS,2002,YR2002,23.0618512346571
Fragile and conflict affected situations,FCS,2003,YR2003,23.3777139652945
Fragile and conflict affected situations,FCS,2004,YR2004,23.9931842291099
Fragile and conflict affected situations,FCS,2005,YR2005,24.6014480310729
Fragile and conflict affected situations,FCS,2006,YR2006,25.1794441594921
Fragile and conflict affected situations,FCS,2007,YR2007,25.7569416119738
Fragile and conflict affected situations,FCS,2008,YR2008,..
Fragile and conflict affected situations,FCS,2009,YR2009,..
Fragile and conflict affected situations,FCS,2010,YR2010,..
Fragile and conflict affected situations,FCS,2011,YR2011,..
Fragile and conflict affected situations,FCS,2012,YR2012,..
Fragile and conflict affected situations,FCS,2013,YR2013,29.2776800080628
Fragile and conflict affected situations,FCS,2014,YR2014,29.5264759481407
Fragile and conflict affected situations,FCS,2015,YR2015,29.7864967435951
Fragile and conflict affected situations,FCS,2016,YR2016,30.0333508640884
Fragile and conflict affected situations,FCS,2017,YR2017,30.2745398776546
Fragile and conflict affected situations,FCS,2018,YR2018,30.5248759917763
Fragile and conflict affected situations,FCS,2019,YR2019,30.7824980732386
Fragile and conflict affected situations,FCS,2020,YR2020,31.0001953647033
Fragile and conflict affected situations,FCS,2021,YR2021,31.2008873268415
Fragile and conflict affected situations,FCS,2022,YR2022,..
Fragile and conflict affected situations,FCS,2023,YR2023,..
Fragile and conflict affected situations,FCS,2024,YR2024,..
Heavily indebted poor countries (HIPC),HPC,2000,YR2000,..
Heavily indebted poor countries (HIPC),HPC,2001,YR2001,..
Heavily indebted poor countries (HIPC),HPC,2002,YR2002,..
Heavily indebted poor countries (HIPC),HPC,2003,YR2003,..
Heavily indebted poor countries (HIPC),HPC,2004,YR2004,..
Heavily indebted poor countries (HIPC),HPC,2005,YR2005,..
Heavily indebted poor countries (HIPC),HPC,2006,YR2006,..
Heavily indebted poor countries (HIPC),HPC,2007,YR2007,..
Heavily indebted poor countries (HIPC),HPC,2008,YR2008,..
Heavily indebted poor countries (HIPC),HPC,2009,YR2009,..
Heavily indebted poor countries (HIPC),HPC,2010,YR2010,..
Heavily indebted poor countries (HIPC),HPC,2011,YR2011,..
Heavily indebted poor countries (HIPC),HPC,2012,YR2012,..
Heavily indebted poor countries (HIPC),HPC,2013,YR2013,..
Heavily indebted poor countries (HIPC),HPC,2014,YR2014,..
Heavily indebted poor countries (HIPC),HPC,2015,YR2015,..
Heavily indebted poor countries (HIPC),HPC,2016,YR2016,..
Heavily indebted poor countries (HIPC),HPC,2017,YR2017,..
Heavily indebted poor countries (HIPC),HPC,2018,YR2018,..
Heavily indebted poor countries (HIPC),HPC,2019,YR2019,..
Heavily indebted poor countries (HIPC),HPC,2020,YR2020,..
Heavily indebted poor countries (HIPC),HPC,2021,YR2021,..
Heavily indebted poor countries (HIPC),HPC,2022,YR2022,..
Heavily indebted poor countries (HIPC),HPC,2023,YR2023,..
Heavily indebted poor countries (HIPC),HPC,2024,YR2024,..
High income,HIC,2000,YR2000,91.9993144600989
High income,HIC,2001,YR2001,91.9861859265506
High income,HIC,2002,YR2002,92.4305237474682
High income,HIC,2003,YR2003,92.4107860789214
High income,HIC,2004,YR2004,92.4192165379768
High income,HIC,2005,YR2005,92.426536418587
High income,HIC,2006,YR2006,92.4349526644985
High income,HIC,2007,YR2007,94.4692714517905
High income,HIC,2008,YR2008,94.5218622455205
High income,HIC,2009,YR2009,94.5794520331188
High income,HIC,2010,YR2010,94.6717781756528
High income,HIC,2011,YR2011,94.7683656415594
High income,HIC,2012,YR2012,94.8872374951774
High income,HIC,2013,YR2013,94.9996913955306
High income,HIC,2014,YR2014,95.1121948999124
High income,HIC,2015,YR2015,95.203168630283
High income,HIC,2016,YR2016,95.2882928246211
High income,HIC,2017,YR2017,95.3659104653095
High income,HIC,2018,YR2018,95.4382479473501
High income,HIC,2019,YR2019,95.5105574406792
High income,HIC,2020,YR2020,95.5850400138322
High income,HIC,2021,YR2021,94.2016762500858
High income,HIC,2022,YR2022,94.3030605989175
High income,HIC,2023,YR2023,..
High income,HIC,2024,YR2024,..
IBRD only,IBD,2000,YR2000,..
IBRD only,IBD,2001,YR2001,..
IBRD only,IBD,2002,YR2002,..
IBRD only,IBD,2003,YR2003,..
IBRD only,IBD,2004,YR2004,..
IBRD only,IBD,2005,YR2005,..
IBRD only,IBD,2006,YR2006,..
IBRD only,IBD,2007,YR2007,..
IBRD only,IBD,2008,YR2008,..
IBRD only,IBD,2009,YR2009,..
IBRD only,IBD,2010,YR2010,..
IBRD only,IBD,2011,YR2011,..
IBRD only,IBD,2012,YR2012,..
IBRD only,IBD,2013,YR2013,..
IBRD only,IBD,2014,YR2014,..
IBRD only,IBD,2015,YR2015,..
IBRD only,IBD,2016,YR2016,..
IBRD only,IBD,2017,YR2017,..
IBRD only,IBD,2018,YR2018,..
IBRD only,IBD,2019,YR2019,..
IBRD only,IBD,2020,YR2020,..
IBRD only,IBD,2021,YR2021,..
IBRD only,IBD,2022,YR2022,..
IBRD only,IBD,2023,YR2023,..
IBRD only,IBD,2024,YR2024,..
IDA & IBRD total,IBT,2000,YR2000,..
IDA & IBRD total,IBT,2001,YR2001,..
IDA & IBRD total,IBT,2002,YR2002,..
IDA & IBRD total,IBT,2003,YR2003,..
IDA & IBRD total,IBT,2004,YR2004,..
IDA & IBRD total,IBT,2005,YR2005,..
IDA & IBRD total,IBT,2006,YR2006,..
IDA & IBRD total,IBT,2007,YR2007,..
IDA & IBRD total,IBT,2008,YR2008,..
IDA & IBRD total,IBT,2009,YR2009,..
IDA & IBRD total,IBT,2010,YR2010,..
IDA & IBRD total,IBT,2011,YR2011,..
IDA & IBRD total,IBT,2012,YR2012,..
IDA & IBRD total,IBT,2013,YR2013,..
IDA & IBRD total,IBT,2014,YR2014,..
IDA & IBRD total,IBT,2015,YR2015,..
IDA & IBRD total,IBT,2016,YR2016,..
IDA & IBRD total,IBT,2017,YR2017,..
IDA & IBRD total,IBT,2018,YR2018,..
IDA & IBRD total,IBT,2019,YR2019,..
IDA & IBRD total,IBT,2020,YR2020,..
IDA & IBRD total,IBT,2021,YR2021,..
IDA & IBRD total,IBT,2022,YR2022,..
IDA & IBRD total,IBT,2023,YR2023,..
IDA & IBRD total,IBT,2024,YR2024,..
IDA blend,IDB,2000,YR2000,27.1223889951996
IDA blend,IDB,2001,YR2001,27.4090216360599
IDA blend,IDB,2002,YR2002,27.845659292116
IDA blend,IDB,2003,YR2003,28.2627531094826
IDA blend,IDB,2004,YR2004,28.7041791828172
IDA blend,IDB,2005,YR2005,29.2355155775571
IDA blend,IDB,2006,YR2006,29.7788647747103
IDA blend,IDB,2007,YR2007,30.3426757168613
IDA blend,IDB,2008,YR2008,30.9209650130667
IDA blend,IDB,2009,YR2009,31.8216248534102
IDA blend,IDB,2010,YR2010,32.7319138270535
IDA blend,IDB,2011,YR2011,33.6380595426584
IDA blend,IDB,2012,YR2012,34.7010203262743
IDA blend,IDB,2013,YR2013,35.5440720047437
IDA blend,IDB,2014,YR2014,36.3356509624984
IDA blend,IDB,2015,YR2015,37.1312101630546
IDA blend,IDB,2016,YR2016,37.9277999099543
IDA blend,IDB,2017,YR2017,38.7298380844222
IDA blend,IDB,2018,YR2018,39.5316084169181
IDA blend,IDB,2019,YR2019,40.3527565671275
IDA blend,IDB,2020,YR2020,41.1608934057531
IDA blend,IDB,2021,YR2021,41.9012729455411
IDA blend,IDB,2022,YR2022,42.6027263939056
IDA blend,IDB,2023,YR2023,..
IDA blend,IDB,2024,YR2024,..
IDA only,IDX,2000,YR2000,24.8577541980604
IDA only,IDX,2001,YR2001,25.0519760994284
IDA only,IDX,2002,YR2002,25.2444062713924
IDA only,IDX,2003,YR2003,25.4534038055753
IDA only,IDX,2004,YR2004,25.7102657227837
IDA only,IDX,2005,YR2005,25.9847461253882
IDA only,IDX,2006,YR2006,26.2631470598947
IDA only,IDX,2007,YR2007,26.6072269106735
IDA only,IDX,2008,YR2008,26.9615894466738
IDA only,IDX,2009,YR2009,27.2520712058173
IDA only,IDX,2010,YR2010,27.5368515096312
IDA only,IDX,2011,YR2011,27.852563267544
IDA only,IDX,2012,YR2012,28.2283124749025
IDA only,IDX,2013,YR2013,28.5126259594551
IDA only,IDX,2014,YR2014,28.8148251828949
IDA only,IDX,2015,YR2015,29.1190601420985
IDA only,IDX,2016,YR2016,29.412051148287
IDA only,IDX,2017,YR2017,29.703927250818
IDA only,IDX,2018,YR2018,30.0112216932767
IDA only,IDX,2019,YR2019,30.3195265110628
IDA only,IDX,2020,YR2020,30.5950114746343
IDA only,IDX,2021,YR2021,30.636693403489
IDA only,IDX,2022,YR2022,30.7777230780569
IDA only,IDX,2023,YR2023,..
IDA only,IDX,2024,YR2024,..
IDA total,IDA,2000,YR2000,25.7273131732461
IDA total,IDA,2001,YR2001,25.9591264213812
IDA total,IDA,2002,YR2002,26.2463183312326
IDA total,IDA,2003,YR2003,26.536226329844
IDA total,IDA,2004,YR2004,26.8663919744174
IDA total,IDA,2005,YR2005,27.2424326708342
IDA total,IDA,2006,YR2006,27.6259991435318
IDA total,IDA,2007,YR2007,28.0602836033599
IDA total,IDA,2008,YR2008,28.5074521373122
IDA total,IDA,2009,YR2009,29.0420272968099
IDA total,IDA,2010,YR2010,29.5783774581488
IDA total,IDA,2011,YR2011,30.130638012458
IDA total,IDA,2012,YR2012,30.7787134878022
IDA total,IDA,2013,YR2013,31.2844210366633
IDA total,IDA,2014,YR2014,31.777683840781
IDA total,IDA,2015,YR2015,32.2726509360871
IDA total,IDA,2016,YR2016,32.7586552466905
IDA total,IDA,2017,YR2017,33.2458588789447
IDA total,IDA,2018,YR2018,33.7436504264436
IDA total,IDA,2019,YR2019,34.2496400952429
IDA total,IDA,2020,YR2020,34.7297894317596
IDA total,IDA,2021,YR2021,35.0635477832499
IDA total,IDA,2022,YR2022,35.3924601500735
IDA total,IDA,2023,YR2023,..
IDA total,IDA,2024,YR2024,..
Late-demographic dividend,LTE,2000,YR2000,..
Late-demographic dividend,LTE,2001,YR2001,..
Late-demographic dividend,LTE,2002,YR2002,..
Late-demographic dividend,LTE,2003,YR2003,..
Late-demographic dividend,LTE,2004,YR2004,..
Late-demographic dividend,LTE,2005,YR2005,..
Late-demographic dividend,LTE,2006,YR2006,..
Late-demographic dividend,LTE,2007,YR2007,..
Late-demographic dividend,LTE,2008,YR2008,..
Late-demographic dividend,LTE,2009,YR2009,..
Late-demographic dividend,LTE,2010,YR2010,..
Late-demographic dividend,LTE,2011,YR2011,..
Late-demographic dividend,LTE,2012,YR2012,..
Late-demographic dividend,LTE,2013,YR2013,..
Late-demographic dividend,LTE,2014,YR2014,..
Late-demographic dividend,LTE,2015,YR2015,..
Late-demographic dividend,LTE,2016,YR2016,..
Late-demographic dividend,LTE,2017,YR2017,..
Late-demographic dividend,LTE,2018,YR2018,..
Late-demographic dividend,LTE,2019,YR2019,..
Late-demographic dividend,LTE,2020,YR2020,..
Late-demographic dividend,LTE,2021,YR2021,..
Late-demographic dividend,LTE,2022,YR2022,..
Late-demographic dividend,LTE,2023,YR2023,..
Late-demographic dividend,LTE,2024,YR2024,..
Latin America & Caribbean,LCN,2000,YR2000,71.0116632483911
Latin America & Caribbean,LCN,2001,YR2001,71.3286143539883
Latin America & Caribbean,LCN,2002,YR2002,71.603547231027
Latin America & Caribbean,LCN,2003,YR2003,71.8688470740668
Latin America & Caribbean,LCN,2004,YR2004,72.1251930520895
Latin America & Caribbean,LCN,2005,YR2005,72.3789314088418
Latin America & Caribbean,LCN,2006,YR2006,72.6312469281585
Latin America & Caribbean,LCN,2007,YR2007,72.8825099602069
Latin America & Caribbean,LCN,2008,YR2008,73.1662374109173
Latin America & Caribbean,LCN,2009,YR2009,73.4463859350445
Latin America & Caribbean,LCN,2010,YR2010,73.7228606973665
Latin America & Caribbean,LCN,2011,YR2011,73.994127669063
Latin America & Caribbean,LCN,2012,YR2012,74.2566764080459
Latin America & Caribbean,LCN,2013,YR2013,74.7521782000016
Latin America & Caribbean,LCN,2014,YR2014,75.2423176609994
Latin America & Caribbean,LCN,2015,YR2015,75.3023749229844
Latin America & Caribbean,LCN,2016,YR2016,75.3219167345436
Latin America & Caribbean,LCN,2017,YR2017,75.3709470568734
Latin America & Caribbean,LCN,2018,YR2018,75.413032815562
Latin America & Caribbean,LCN,2019,YR2019,75.4882656687205
Latin America & Caribbean,LCN,2020,YR2020,75.5091204604745
Latin America & Caribbean,LCN,2021,YR2021,75.355886894538
Latin America & Caribbean,LCN,2022,YR2022,75.2136848541317
Latin America & Caribbean,LCN,2023,YR2023,..
Latin America & Caribbean,LCN,2024,YR2024,..
Latin America & Caribbean (excluding high income),LAC,2000,YR2000,60.365330597135
Latin America & Caribbean (excluding high income),LAC,2001,YR2001,60.7598678358949
Latin America & Caribbean (excluding high income),LAC,2002,YR2002,61.0724274366757
Latin America & Caribbean (excluding high income),LAC,2003,YR2003,61.3544264409171
Latin America & Caribbean (excluding high income),LAC,2004,YR2004,61.6334831850284
Latin America & Caribbean (excluding high income),LAC,2005,YR2005,61.9092431521173
Latin America & Caribbean (excluding high income),LAC,2006,YR2006,62.1807107340006
Latin America & Caribbean (excluding high income),LAC,2007,YR2007,62.4401588050336
Latin America & Caribbean (excluding high income),LAC,2008,YR2008,62.699137531831
Latin America & Caribbean (excluding high income),LAC,2009,YR2009,62.9496643907664
Latin America & Caribbean (excluding high income),LAC,2010,YR2010,63.1948149367991
Latin America & Caribbean (excluding high income),LAC,2011,YR2011,63.4363707270321
Latin America & Caribbean (excluding high income),LAC,2012,YR2012,63.6773955667648
Latin America & Caribbean (excluding high income),LAC,2013,YR2013,64.1723427416628
Latin America & Caribbean (excluding high income),LAC,2014,YR2014,64.6617114091923
Latin America & Caribbean (excluding high income),LAC,2015,YR2015,65.1427928381622
Latin America & Caribbean (excluding high income),LAC,2016,YR2016,65.5777843097757
Latin America & Caribbean (excluding high income),LAC,2017,YR2017,66.0514332438999
Latin America & Caribbean (excluding high income),LAC,2018,YR2018,66.4780006701654
Latin America & Caribbean (excluding high income),LAC,2019,YR2019,66.8922448154874
Latin America & Caribbean (excluding high income),LAC,2020,YR2020,67.2729891838949
Latin America & Caribbean (excluding high income),LAC,2021,YR2021,67.820220872253
Latin America & Caribbean (excluding high income),LAC,2022,YR2022,68.1230031602534
Latin America & Caribbean (excluding high income),LAC,2023,YR2023,..
Latin America & Caribbean (excluding high income),LAC,2024,YR2024,..
Latin America & the Caribbean (IDA & IBRD countries),TLA,2000,YR2000,61.7256711266731
Latin America & the Caribbean (IDA & IBRD countries),TLA,2001,YR2001,62.1207517572734
Latin America & the Caribbean (IDA & IBRD countries),TLA,2002,YR2002,62.4366638419441
Latin America & the Caribbean (IDA & IBRD countries),TLA,2003,YR2003,62.7204958941565
Latin America & the Caribbean (IDA & IBRD countries),TLA,2004,YR2004,63.0015391366327
Latin America & the Caribbean (IDA & IBRD countries),TLA,2005,YR2005,63.2795898955271
Latin America & the Caribbean (IDA & IBRD countries),TLA,2006,YR2006,63.5536685243727
Latin America & the Caribbean (IDA & IBRD countries),TLA,2007,YR2007,63.8164251680642
Latin America & the Caribbean (IDA & IBRD countries),TLA,2008,YR2008,64.0792217608137
Latin America & the Caribbean (IDA & IBRD countries),TLA,2009,YR2009,64.3344215029952
Latin America & the Caribbean (IDA & IBRD countries),TLA,2010,YR2010,64.5846291301241
Latin America & the Caribbean (IDA & IBRD countries),TLA,2011,YR2011,64.8312841806048
Latin America & the Caribbean (IDA & IBRD countries),TLA,2012,YR2012,65.0772682559278
Latin America & the Caribbean (IDA & IBRD countries),TLA,2013,YR2013,65.5653663145813
Latin America & the Caribbean (IDA & IBRD countries),TLA,2014,YR2014,66.0489559106654
Latin America & the Caribbean (IDA & IBRD countries),TLA,2015,YR2015,66.5203539679079
Latin America & the Caribbean (IDA & IBRD countries),TLA,2016,YR2016,66.9463353430364
Latin America & the Caribbean (IDA & IBRD countries),TLA,2017,YR2017,67.4127933947723
Latin America & the Caribbean (IDA & IBRD countries),TLA,2018,YR2018,67.8285637403908
Latin America & the Caribbean (IDA & IBRD countries),TLA,2019,YR2019,68.229375014574
Latin America & the Caribbean (IDA & IBRD countries),TLA,2020,YR2020,68.5919374019423
Latin America & the Caribbean (IDA & IBRD countries),TLA,2021,YR2021,69.1267742019939
Latin America & the Caribbean (IDA & IBRD countries),TLA,2022,YR2022,69.4125477671257
Latin America & the Caribbean (IDA & IBRD countries),TLA,2023,YR2023,..
Latin America & the Caribbean (IDA & IBRD countries),TLA,2024,YR2024,..
Least developed countries: UN classification,LDC,2000,YR2000,23.7502111526186
Least developed countries: UN classification,LDC,2001,YR2001,23.947492941224
Least developed countries: UN classification,LDC,2002,YR2002,24.1174878166371
Least developed countries: UN classification,LDC,2003,YR2003,24.2841755481853
Least developed countries: UN classification,LDC,2004,YR2004,24.4908323851518
Least developed countries: UN classification,LDC,2005,YR2005,24.6999443442364
Least developed countries: UN classification,LDC,2006,YR2006,24.9079200366141
Least developed countries: UN classification,LDC,2007,YR2007,25.1854199983741
Least developed countries: UN classification,LDC,2008,YR2008,25.4624534086394
Least developed countries: UN classification,LDC,2009,YR2009,25.6645631906028
Least developed countries: UN classification,LDC,2010,YR2010,25.856972022913
Least developed countries: UN classification,LDC,2011,YR2011,26.080746877021
Least developed countries: UN classification,LDC,2012,YR2012,26.3713825852872
Least developed countries: UN classification,LDC,2013,YR2013,26.5790174262958
Least developed countries: UN classification,LDC,2014,YR2014,26.7862284152923
Least developed countries: UN classification,LDC,2015,YR2015,27.0014559116946
Least developed countries: UN classification,LDC,2016,YR2016,27.2152875583221
Least developed countries: UN classification,LDC,2017,YR2017,27.4287687213551
Least developed countries: UN classification,LDC,2018,YR2018,27.6579859816775
Least developed countries: UN classification,LDC,2019,YR2019,27.9024999919126
Least developed countries: UN classification,LDC,2020,YR2020,28.1206754603518
Least developed countries: UN classification,LDC,2021,YR2021,28.3394822482096
Least developed countries: UN classification,LDC,2022,YR2022,28.4720645391208
Least developed countries: UN classification,LDC,2023,YR2023,..
Least developed countries: UN classification,LDC,2024,YR2024,..
Low & middle income,LMY,2000,YR2000,53.1973200673216
Low & middle income,LMY,2001,YR2001,53.6369343360373
Low & middle income,LMY,2002,YR2002,54.3812883409072
Low & middle income,LMY,2003,YR2003,55.1215477494324
Low & middle income,LMY,2004,YR2004,55.8959117824487
Low & middle income,LMY,2005,YR2005,56.6984336238885
Low & middle income,LMY,2006,YR2006,57.5010887358414
Low & middle income,LMY,2007,YR2007,57.9886203400521
Low & middle income,LMY,2008,YR2008,58.3115495033563
Low & middle income,LMY,2009,YR2009,58.960844166204
Low & middle income,LMY,2010,YR2010,59.6096177959856
Low & middle income,LMY,2011,YR2011,60.3035970352561
Low & middle income,LMY,2012,YR2012,61.1041745398763
Low & middle income,LMY,2013,YR2013,61.9429937763791
Low & middle income,LMY,2014,YR2014,62.7812503557057
Low & middle income,LMY,2015,YR2015,63.6309673008799
Low & middle income,LMY,2016,YR2016,64.4645229081721
Low & middle income,LMY,2017,YR2017,65.2862895201204
Low & middle income,LMY,2018,YR2018,66.0910843931017
Low & middle income,LMY,2019,YR2019,66.8785639347949
Low & middle income,LMY,2020,YR2020,67.6280138770344
Low & middle income,LMY,2021,YR2021,68.2796979759364
Low & middle income,LMY,2022,YR2022,68.8059710676649
Low & middle income,LMY,2023,YR2023,..
Low & middle income,LMY,2024,YR2024,..
Low income,LIC,2000,YR2000,18.9106836444808
Low income,LIC,2001,YR2001,19.0477008557285
Low income,LIC,2002,YR2002,19.2786104637815
Low income,LIC,2003,YR2003,19.5629332276589
Low income,LIC,2004,YR2004,19.8646796517631
Low income,LIC,2005,YR2005,20.2245697038596
Low income,LIC,2006,YR2006,20.6602451532075
Low income,LIC,2007,YR2007,21.1369998936513
Low income,LIC,2008,YR2008,21.6131467471231
Low income,LIC,2009,YR2009,22.0523938913148
Low income,LIC,2010,YR2010,22.5262522964476
Low income,LIC,2011,YR2011,22.5821845394643
Low income,LIC,2012,YR2012,23.0053934998329
Low income,LIC,2013,YR2013,23.3493534657775
Low income,LIC,2014,YR2014,23.7110202438062
Low income,LIC,2015,YR2015,24.1812130844062
Low income,LIC,2016,YR2016,24.738857493276
Low income,LIC,2017,YR2017,25.3207495557212
Low income,LIC,2018,YR2018,25.9932361195292
Low income,LIC,2019,YR2019,26.710713691287
Low income,LIC,2020,YR2020,27.4162768893687
Low income,LIC,2021,YR2021,28.0910149595168
Low income,LIC,2022,YR2022,28.6029483413205
Low income,LIC,2023,YR2023,..
Low income,LIC,2024,YR2024,..
Lower middle income,LMC,2000,YR2000,44.0999772567298
Lower middle income,LMC,2001,YR2001,44.8488059032912
Lower middle income,LMC,2002,YR2002,45.6137177364313
Lower middle income,LMC,2003,YR2003,46.3855237549053
Lower middle income,LMC,2004,YR2004,47.2397682809813
Lower middle income,LMC,2005,YR2005,48.1526213221516
Lower middle income,LMC,2006,YR2006,49.0758105614417
Lower middle income,LMC,2007,YR2007,50.0114724140155
Lower middle income,LMC,2008,YR2008,50.473103208573
Lower middle income,LMC,2009,YR2009,51.4851777237103
Lower middle income,LMC,2010,YR2010,52.5009645496783
Lower middle income,LMC,2011,YR2011,53.5191534225437
Lower middle income,LMC,2012,YR2012,54.6041691094912
Lower middle income,LMC,2013,YR2013,55.6880179328927
Lower middle income,LMC,2014,YR2014,56.7638523143985
Lower middle income,LMC,2015,YR2015,57.7432009290875
Lower middle income,LMC,2016,YR2016,58.7004204900386
Lower middle income,LMC,2017,YR2017,59.6412086789811
Lower middle income,LMC,2018,YR2018,60.5647150433827
Lower middle income,LMC,2019,YR2019,61.4606120516573
Lower middle income,LMC,2020,YR2020,62.3224142036336
Lower middle income,LMC,2021,YR2021,63.1735064616567
Lower middle income,LMC,2022,YR2022,63.7993267618182
Lower middle income,LMC,2023,YR2023,..
Lower middle income,LMC,2024,YR2024,..
"Middle East, North Africa, Afghanistan & Pakistan",MEA,2000,YR2000,72.3292595807713
"Middle East, North Africa, Afghanistan & Pakistan",MEA,2001,YR2001,72.3491975016608
"Middle East, North Africa, Afghanistan & Pakistan",MEA,2002,YR2002,72.6427922136022
"Middle East, North Africa, Afghanistan & Pakistan",MEA,2003,YR2003,72.9972063039864
"Middle East, North Africa, Afghanistan & Pakistan",MEA,2004,YR2004,73.3787320710663
"Middle East, North Africa, Afghanistan & Pakistan",MEA,2005,YR2005,73.8506316191161
"Middle East, North Africa, Afghanistan & Pakistan",MEA,2006,YR2006,74.4295495409396
"Middle East, North Africa, Afghanistan & Pakistan",MEA,2007,YR2007,75.0641977180784
"Middle East, North Africa, Afghanistan & Pakistan",MEA,2008,YR2008,75.5686765322106
"Middle East, North Africa, Afghanistan & Pakistan",MEA,2009,YR2009,75.9405761635678
"Middle East, North Africa, Afghanistan & Pakistan",MEA,2010,YR2010,76.3232840648255
"Middle East, North Africa, Afghanistan & Pakistan",MEA,2011,YR2011,76.5689426944553
"Middle East, North Africa, Afghanistan & Pakistan",MEA,2012,YR2012,76.7673487640639
"Middle East, North Africa, Afghanistan & Pakistan",MEA,2013,YR2013,76.9604612094228
"Middle East, North Africa, Afghanistan & Pakistan",MEA,2014,YR2014,77.2237181175234
"Middle East, North Africa, Afghanistan & Pakistan",MEA,2015,YR2015,77.5675895603139
"Middle East, North Africa, Afghanistan & Pakistan",MEA,2016,YR2016,77.8944039768145
"Middle East, North Africa, Afghanistan & Pakistan",MEA,2017,YR2017,78.2047936726584
"Middle East, North Africa, Afghanistan & Pakistan",MEA,2018,YR2018,78.3634907546044
"Middle East, North Africa, Afghanistan & Pakistan",MEA,2019,YR2019,78.4952226620569
"Middle East, North Africa, Afghanistan & Pakistan",MEA,2020,YR2020,78.5786464405636
"Middle East, North Africa, Afghanistan & Pakistan",MEA,2021,YR2021,78.542476367297
"Middle East, North Africa, Afghanistan & Pakistan",MEA,2022,YR2022,78.4821111166479
"Middle East, North Africa, Afghanistan & Pakistan",MEA,2023,YR2023,..
"Middle East, North Africa, Afghanistan & Pakistan",MEA,2024,YR2024,..
"Middle East, North Africa, Afghanistan & Pakistan (excluding high income)",MNA,2000,YR2000,50.5831289713948
"Middle East, North Africa, Afghanistan & Pakistan (excluding high income)",MNA,2001,YR2001,50.7367733606446
"Middle East, North Africa, Afghanistan & Pakistan (excluding high income)",MNA,2002,YR2002,50.8068165698763
"Middle East, North Africa, Afghanistan & Pakistan (excluding high income)",MNA,2003,YR2003,50.8823521485481
"Middle East, North Africa, Afghanistan & Pakistan (excluding high income)",MNA,2004,YR2004,51.0846557308505
"Middle East, North Africa, Afghanistan & Pakistan (excluding high income)",MNA,2005,YR2005,51.3899065460319
"Middle East, North Africa, Afghanistan & Pakistan (excluding high income)",MNA,2006,YR2006,51.7147480860938
"Middle East, North Africa, Afghanistan & Pakistan (excluding high income)",MNA,2007,YR2007,52.0335188246109
"Middle East, North Africa, Afghanistan & Pakistan (excluding high income)",MNA,2008,YR2008,52.4870504879633
"Middle East, North Africa, Afghanistan & Pakistan (excluding high income)",MNA,2009,YR2009,53.2394904442467
"Middle East, North Africa, Afghanistan & Pakistan (excluding high income)",MNA,2010,YR2010,54.0193625969149
"Middle East, North Africa, Afghanistan & Pakistan (excluding high income)",MNA,2011,YR2011,54.8024012677597
"Middle East, North Africa, Afghanistan & Pakistan (excluding high income)",MNA,2012,YR2012,55.6047693427321
"Middle East, North Africa, Afghanistan & Pakistan (excluding high income)",MNA,2013,YR2013,56.4461092162177
"Middle East, North Africa, Afghanistan & Pakistan (excluding high income)",MNA,2014,YR2014,57.3041163631437
"Middle East, North Africa, Afghanistan & Pakistan (excluding high income)",MNA,2015,YR2015,58.1557303384881
"Middle East, North Africa, Afghanistan & Pakistan (excluding high income)",MNA,2016,YR2016,58.8765470952927
"Middle East, North Africa, Afghanistan & Pakistan (excluding high income)",MNA,2017,YR2017,59.5431648913141
"Middle East, North Africa, Afghanistan & Pakistan (excluding high income)",MNA,2018,YR2018,60.1813508287962
"Middle East, North Africa, Afghanistan & Pakistan (excluding high income)",MNA,2019,YR2019,60.6815768593129
"Middle East, North Africa, Afghanistan & Pakistan (excluding high income)",MNA,2020,YR2020,61.0758017545275
"Middle East, North Africa, Afghanistan & Pakistan (excluding high income)",MNA,2021,YR2021,61.4666019048357
"Middle East, North Africa, Afghanistan & Pakistan (excluding high income)",MNA,2022,YR2022,62.0116358200399
"Middle East, North Africa, Afghanistan & Pakistan (excluding high income)",MNA,2023,YR2023,..
"Middle East, North Africa, Afghanistan & Pakistan (excluding high income)",MNA,2024,YR2024,..
"Middle East, North Africa, Afghanistan & Pakistan (IDA & IBRD)",TMN,2000,YR2000,50.3919141073849
"Middle East, North Africa, Afghanistan & Pakistan (IDA & IBRD)",TMN,2001,YR2001,50.5432433889429
"Middle East, North Africa, Afghanistan & Pakistan (IDA & IBRD)",TMN,2002,YR2002,50.6101773027467
"Middle East, North Africa, Afghanistan & Pakistan (IDA & IBRD)",TMN,2003,YR2003,50.6827557252637
"Middle East, North Africa, Afghanistan & Pakistan (IDA & IBRD)",TMN,2004,YR2004,50.8833682433534
"Middle East, North Africa, Afghanistan & Pakistan (IDA & IBRD)",TMN,2005,YR2005,51.1878185242673
"Middle East, North Africa, Afghanistan & Pakistan (IDA & IBRD)",TMN,2006,YR2006,51.511883888116
"Middle East, North Africa, Afghanistan & Pakistan (IDA & IBRD)",TMN,2007,YR2007,51.8293922063601
"Middle East, North Africa, Afghanistan & Pakistan (IDA & IBRD)",TMN,2008,YR2008,52.2826675546392
"Middle East, North Africa, Afghanistan & Pakistan (IDA & IBRD)",TMN,2009,YR2009,53.0379921867953
"Middle East, North Africa, Afghanistan & Pakistan (IDA & IBRD)",TMN,2010,YR2010,53.8209553381156
"Middle East, North Africa, Afghanistan & Pakistan (IDA & IBRD)",TMN,2011,YR2011,54.6072364559713
"Middle East, North Africa, Afghanistan & Pakistan (IDA & IBRD)",TMN,2012,YR2012,55.4130770650464
"Middle East, North Africa, Afghanistan & Pakistan (IDA & IBRD)",TMN,2013,YR2013,56.2584059594531
"Middle East, North Africa, Afghanistan & Pakistan (IDA & IBRD)",TMN,2014,YR2014,57.1206374077004
"Middle East, North Africa, Afghanistan & Pakistan (IDA & IBRD)",TMN,2015,YR2015,57.9760737971984
"Middle East, North Africa, Afghanistan & Pakistan (IDA & IBRD)",TMN,2016,YR2016,58.6992596920582
"Middle East, North Africa, Afghanistan & Pakistan (IDA & IBRD)",TMN,2017,YR2017,59.3682559266306
"Middle East, North Africa, Afghanistan & Pakistan (IDA & IBRD)",TMN,2018,YR2018,60.0077586339753
"Middle East, North Africa, Afghanistan & Pakistan (IDA & IBRD)",TMN,2019,YR2019,60.5080627295737
"Middle East, North Africa, Afghanistan & Pakistan (IDA & IBRD)",TMN,2020,YR2020,60.9014582065001
"Middle East, North Africa, Afghanistan & Pakistan (IDA & IBRD)",TMN,2021,YR2021,61.2914531665114
"Middle East, North Africa, Afghanistan & Pakistan (IDA & IBRD)",TMN,2022,YR2022,61.8372464384905
"Middle East, North Africa, Afghanistan & Pakistan (IDA & IBRD)",TMN,2023,YR2023,..
"Middle East, North Africa, Afghanistan & Pakistan (IDA & IBRD)",TMN,2024,YR2024,..
Middle income,MIC,2000,YR2000,..
Middle income,MIC,2001,YR2001,..
Middle income,MIC,2002,YR2002,..
Middle income,MIC,2003,YR2003,..
Middle income,MIC,2004,YR2004,..
Middle income,MIC,2005,YR2005,..
Middle income,MIC,2006,YR2006,..
Middle income,MIC,2007,YR2007,..
Middle income,MIC,2008,YR2008,..
Middle income,MIC,2009,YR2009,..
Middle income,MIC,2010,YR2010,..
Middle income,MIC,2011,YR2011,..
Middle income,MIC,2012,YR2012,..
Middle income,MIC,2013,YR2013,..
Middle income,MIC,2014,YR2014,..
Middle income,MIC,2015,YR2015,..
Middle income,MIC,2016,YR2016,..
Middle income,MIC,2017,YR2017,..
Middle income,MIC,2018,YR2018,..
Middle income,MIC,2019,YR2019,..
Middle income,MIC,2020,YR2020,..
Middle income,MIC,2021,YR2021,..
Middle income,MIC,2022,YR2022,..
Middle income,MIC,2023,YR2023,..
Middle income,MIC,2024,YR2024,..
North America,NAC,2000,YR2000,..
North America,NAC,2001,YR2001,..
North America,NAC,2002,YR2002,..
North America,NAC,2003,YR2003,..
North America,NAC,2004,YR2004,..
North America,NAC,2005,YR2005,95.3868183590417
North America,NAC,2006,YR2006,95.3953276012202
North America,NAC,2007,YR2007,95.4040295585513
North America,NAC,2008,YR2008,95.412670501533
North America,NAC,2009,YR2009,95.4212560736108
North America,NAC,2010,YR2010,95.5791201174446
North America,NAC,2011,YR2011,95.7362120199433
North America,NAC,2012,YR2012,95.892161842466
North America,NAC,2013,YR2013,96.0472915354629
North America,NAC,2014,YR2014,96.2015174933357
North America,NAC,2015,YR2015,96.3548059409944
North America,NAC,2016,YR2016,96.5070502037601
North America,NAC,2017,YR2017,96.6582369734943
North America,NAC,2018,YR2018,96.8082150844713
North America,NAC,2019,YR2019,96.9570211427678
North America,NAC,2020,YR2020,97.1048978113836
North America,NAC,2021,YR2021,97.2516129370494
North America,NAC,2022,YR2022,97.3935471146617
North America,NAC,2023,YR2023,..
North America,NAC,2024,YR2024,..
Not classified,INX,2000,YR2000,..
Not classified,INX,2001,YR2001,..
Not classified,INX,2002,YR2002,..
Not classified,INX,2003,YR2003,..
Not classified,INX,2004,YR2004,..
Not classified,INX,2005,YR2005,..
Not classified,INX,2006,YR2006,..
Not classified,INX,2007,YR2007,..
Not classified,INX,2008,YR2008,..
Not classified,INX,2009,YR2009,..
Not classified,INX,2010,YR2010,..
Not classified,INX,2011,YR2011,..
Not classified,INX,2012,YR2012,..
Not classified,INX,2013,YR2013,..
Not classified,INX,2014,YR2014,..
Not classified,INX,2015,YR2015,..
Not classified,INX,2016,YR2016,..
Not classified,INX,2017,YR2017,..
Not classified,INX,2018,YR2018,..
Not classified,INX,2019,YR2019,..
Not classified,INX,2020,YR2020,..
Not classified,INX,2021,YR2021,..
Not classified,INX,2022,YR2022,..
Not classified,INX,2023,YR2023,..
Not classified,INX,2024,YR2024,..
OECD members,OED,2000,YR2000,..
OECD members,OED,2001,YR2001,..
OECD members,OED,2002,YR2002,..
OECD members,OED,2003,YR2003,..
OECD members,OED,2004,YR2004,..
OECD members,OED,2005,YR2005,90.4831621578086
OECD members,OED,2006,YR2006,90.5525256079943
OECD members,OED,2007,YR2007,90.6178142311541
OECD members,OED,2008,YR2008,90.6674419170941
OECD members,OED,2009,YR2009,90.710487463962
OECD members,OED,2010,YR2010,90.7733826447645
OECD members,OED,2011,YR2011,90.8189474404613
OECD members,OED,2012,YR2012,90.8636790488978
OECD members,OED,2013,YR2013,90.9189589236852
OECD members,OED,2014,YR2014,90.9795307392527
OECD members,OED,2015,YR2015,91.0441824726132
OECD members,OED,2016,YR2016,91.1083139366409
OECD members,OED,2017,YR2017,91.1630791845455
OECD members,OED,2018,YR2018,91.2102965227096
OECD members,OED,2019,YR2019,91.2505992897697
OECD members,OED,2020,YR2020,91.2741389207539
OECD members,OED,2021,YR2021,91.2943136792563
OECD members,OED,2022,YR2022,91.3364709489544
OECD members,OED,2023,YR2023,..
OECD members,OED,2024,YR2024,..
Other small states,OSS,2000,YR2000,..
Other small states,OSS,2001,YR2001,..
Other small states,OSS,2002,YR2002,..
Other small states,OSS,2003,YR2003,..
Other small states,OSS,2004,YR2004,..
Other small states,OSS,2005,YR2005,..
Other small states,OSS,2006,YR2006,..
Other small states,OSS,2007,YR2007,..
Other small states,OSS,2008,YR2008,..
Other small states,OSS,2009,YR2009,..
Other small states,OSS,2010,YR2010,..
Other small states,OSS,2011,YR2011,..
Other small states,OSS,2012,YR2012,..
Other small states,OSS,2013,YR2013,..
Other small states,OSS,2014,YR2014,..
Other small states,OSS,2015,YR2015,..
Other small states,OSS,2016,YR2016,..
Other small states,OSS,2017,YR2017,..
Other small states,OSS,2018,YR2018,..
Other small states,OSS,2019,YR2019,..
Other small states,OSS,2020,YR2020,..
Other small states,OSS,2021,YR2021,..
Other small states,OSS,2022,YR2022,..
Other small states,OSS,2023,YR2023,..
Other small states,OSS,2024,YR2024,..
Pacific island small states,PSS,2000,YR2000,..
Pacific island small states,PSS,2001,YR2001,..
Pacific island small states,PSS,2002,YR2002,..
Pacific island small states,PSS,2003,YR2003,..
Pacific island small states,PSS,2004,YR2004,..
Pacific island small states,PSS,2005,YR2005,..
Pacific island small states,PSS,2006,YR2006,..
Pacific island small states,PSS,2007,YR2007,..
Pacific island small states,PSS,2008,YR2008,..
Pacific island small states,PSS,2009,YR2009,..
Pacific island small states,PSS,2010,YR2010,..
Pacific island small states,PSS,2011,YR2011,..
Pacific island small states,PSS,2012,YR2012,..
Pacific island small states,PSS,2013,YR2013,..
Pacific island small states,PSS,2014,YR2014,..
Pacific island small states,PSS,2015,YR2015,..
Pacific island small states,PSS,2016,YR2016,..
Pacific island small states,PSS,2017,YR2017,..
Pacific island small states,PSS,2018,YR2018,..
Pacific island small states,PSS,2019,YR2019,..
Pacific island small states,PSS,2020,YR2020,..
Pacific island small states,PSS,2021,YR2021,..
Pacific island small states,PSS,2022,YR2022,..
Pacific island small states,PSS,2023,YR2023,..
Pacific island small states,PSS,2024,YR2024,..
Post-demographic dividend,PST,2000,YR2000,..
Post-demographic dividend,PST,2001,YR2001,..
Post-demographic dividend,PST,2002,YR2002,95.0984847547456
Post-demographic dividend,PST,2003,YR2003,95.1735329603471
Post-demographic dividend,PST,2004,YR2004,95.4498914039034
Post-demographic dividend,PST,2005,YR2005,95.6249197833755
Post-demographic dividend,PST,2006,YR2006,95.8262584590928
Post-demographic dividend,PST,2007,YR2007,96.0193866657869
Post-demographic dividend,PST,2008,YR2008,96.2376621690337
Post-demographic dividend,PST,2009,YR2009,96.4027189444329
Post-demographic dividend,PST,2010,YR2010,96.6124801996133
Post-demographic dividend,PST,2011,YR2011,96.8157227497381
Post-demographic dividend,PST,2012,YR2012,97.019767225406
Post-demographic dividend,PST,2013,YR2013,97.1241596483677
Post-demographic dividend,PST,2014,YR2014,97.1976662223791
Post-demographic dividend,PST,2015,YR2015,97.2815178607142
Post-demographic dividend,PST,2016,YR2016,97.360570140342
Post-demographic dividend,PST,2017,YR2017,97.4353816480034
Post-demographic dividend,PST,2018,YR2018,97.5099853156381
Post-demographic dividend,PST,2019,YR2019,97.5836619765827
Post-demographic dividend,PST,2020,YR2020,97.6516107875668
Post-demographic dividend,PST,2021,YR2021,97.7102736963043
Post-demographic dividend,PST,2022,YR2022,97.7910107679485
Post-demographic dividend,PST,2023,YR2023,..
Post-demographic dividend,PST,2024,YR2024,..
Pre-demographic dividend,PRE,2000,YR2000,..
Pre-demographic dividend,PRE,2001,YR2001,..
Pre-demographic dividend,PRE,2002,YR2002,..
Pre-demographic dividend,PRE,2003,YR2003,..
Pre-demographic dividend,PRE,2004,YR2004,..
Pre-demographic dividend,PRE,2005,YR2005,..
Pre-demographic dividend,PRE,2006,YR2006,..
Pre-demographic dividend,PRE,2007,YR2007,..
Pre-demographic dividend,PRE,2008,YR2008,..
Pre-demographic dividend,PRE,2009,YR2009,..
Pre-demographic dividend,PRE,2010,YR2010,..
Pre-demographic dividend,PRE,2011,YR2011,..
Pre-demographic dividend,PRE,2012,YR2012,..
Pre-demographic dividend,PRE,2013,YR2013,..
Pre-demographic dividend,PRE,2014,YR2014,..
Pre-demographic dividend,PRE,2015,YR2015,..
Pre-demographic dividend,PRE,2016,YR2016,..
Pre-demographic dividend,PRE,2017,YR2017,..
Pre-demographic dividend,PRE,2018,YR2018,..
Pre-demographic dividend,PRE,2019,YR2019,..
Pre-demographic dividend,PRE,2020,YR2020,..
Pre-demographic dividend,PRE,2021,YR2021,..
Pre-demographic dividend,PRE,2022,YR2022,..
Pre-demographic dividend,PRE,2023,YR2023,..
Pre-demographic dividend,PRE,2024,YR2024,..
Small states,SST,2000,YR2000,..
Small states,SST,2001,YR2001,..
Small states,SST,2002,YR2002,..
Small states,SST,2003,YR2003,..
Small states,SST,2004,YR2004,..
Small states,SST,2005,YR2005,..
Small states,SST,2006,YR2006,..
Small states,SST,2007,YR2007,..
Small states,SST,2008,YR2008,..
Small states,SST,2009,YR2009,..
Small states,SST,2010,YR2010,..
Small states,SST,2011,YR2011,..
Small states,SST,2012,YR2012,..
Small states,SST,2013,YR2013,..
Small states,SST,2014,YR2014,..
Small states,SST,2015,YR2015,..
Small states,SST,2016,YR2016,..
Small states,SST,2017,YR2017,..
Small states,SST,2018,YR2018,..
Small states,SST,2019,YR2019,..
Small states,SST,2020,YR2020,..
Small states,SST,2021,YR2021,..
Small states,SST,2022,YR2022,..
Small states,SST,2023,YR2023,..
Small states,SST,2024,YR2024,..
South Asia,SAS,2000,YR2000,..
South Asia,SAS,2001,YR2001,..
South Asia,SAS,2002,YR2002,..
South Asia,SAS,2003,YR2003,..
South Asia,SAS,2004,YR2004,..
South Asia,SAS,2005,YR2005,..
South Asia,SAS,2006,YR2006,..
South Asia,SAS,2007,YR2007,..
South Asia,SAS,2008,YR2008,..
South Asia,SAS,2009,YR2009,..
South Asia,SAS,2010,YR2010,..
South Asia,SAS,2011,YR2011,..
South Asia,SAS,2012,YR2012,..
South Asia,SAS,2013,YR2013,..
South Asia,SAS,2014,YR2014,..
South Asia,SAS,2015,YR2015,..
South Asia,SAS,2016,YR2016,..
South Asia,SAS,2017,YR2017,..
South Asia,SAS,2018,YR2018,..
South Asia,SAS,2019,YR2019,..
South Asia,SAS,2020,YR2020,..
South Asia,SAS,2021,YR2021,..
South Asia,SAS,2022,YR2022,..
South Asia,SAS,2023,YR2023,..
South Asia,SAS,2024,YR2024,..
South Asia (IDA & IBRD),TSA,2000,YR2000,..
South Asia (IDA & IBRD),TSA,2001,YR2001,..
South Asia (IDA & IBRD),TSA,2002,YR2002,..
South Asia (IDA & IBRD),TSA,2003,YR2003,..
South Asia (IDA & IBRD),TSA,2004,YR2004,..
South Asia (IDA & IBRD),TSA,2005,YR2005,..
South Asia (IDA & IBRD),TSA,2006,YR2006,..
South Asia (IDA & IBRD),TSA,2007,YR2007,..
South Asia (IDA & IBRD),TSA,2008,YR2008,..
South Asia (IDA & IBRD),TSA,2009,YR2009,..
South Asia (IDA & IBRD),TSA,2010,YR2010,..
South Asia (IDA & IBRD),TSA,2011,YR2011,..
South Asia (IDA & IBRD),TSA,2012,YR2012,..
South Asia (IDA & IBRD),TSA,2013,YR2013,..
South Asia (IDA & IBRD),TSA,2014,YR2014,..
South Asia (IDA & IBRD),TSA,2015,YR2015,..
South Asia (IDA & IBRD),TSA,2016,YR2016,..
South Asia (IDA & IBRD),TSA,2017,YR2017,..
South Asia (IDA & IBRD),TSA,2018,YR2018,..
South Asia (IDA & IBRD),TSA,2019,YR2019,..
South Asia (IDA & IBRD),TSA,2020,YR2020,..
South Asia (IDA & IBRD),TSA,2021,YR2021,..
South Asia (IDA & IBRD),TSA,2022,YR2022,..
South Asia (IDA & IBRD),TSA,2023,YR2023,..
South Asia (IDA & IBRD),TSA,2024,YR2024,..
Sub-Saharan Africa,SSF,2000,YR2000,17.2442910373428
Sub-Saharan Africa,SSF,2001,YR2001,17.5524692315277
Sub-Saharan Africa,SSF,2002,YR2002,18.0159505606708
Sub-Saharan Africa,SSF,2003,YR2003,18.496107821285
Sub-Saharan Africa,SSF,2004,YR2004,19.0360338715657
Sub-Saharan Africa,SSF,2005,YR2005,19.6151517892959
Sub-Saharan Africa,SSF,2006,YR2006,20.2238611855132
Sub-Saharan Africa,SSF,2007,YR2007,20.8752565334195
Sub-Saharan Africa,SSF,2008,YR2008,21.5867353183521
Sub-Saharan Africa,SSF,2009,YR2009,22.3246976453856
Sub-Saharan Africa,SSF,2010,YR2010,23.0909373533501
Sub-Saharan Africa,SSF,2011,YR2011,23.6380384198446
Sub-Saharan Africa,SSF,2012,YR2012,24.4499991564015
Sub-Saharan Africa,SSF,2013,YR2013,25.2884418967405
Sub-Saharan Africa,SSF,2014,YR2014,26.1669974909494
Sub-Saharan Africa,SSF,2015,YR2015,27.0869979284001
Sub-Saharan Africa,SSF,2016,YR2016,28.0023726016417
Sub-Saharan Africa,SSF,2017,YR2017,28.9119022745366
Sub-Saharan Africa,SSF,2018,YR2018,29.8140922467814
Sub-Saharan Africa,SSF,2019,YR2019,30.4117147133606
Sub-Saharan Africa,SSF,2020,YR2020,30.9780256610214
Sub-Saharan Africa,SSF,2021,YR2021,31.5478012365443
Sub-Saharan Africa,SSF,2022,YR2022,31.9852156360482
Sub-Saharan Africa,SSF,2023,YR2023,..
Sub-Saharan Africa,SSF,2024,YR2024,..
Sub-Saharan Africa (excluding high income),SSA,2000,YR2000,..
Sub-Saharan Africa (excluding high income),SSA,2001,YR2001,..
Sub-Saharan Africa (excluding high income),SSA,2002,YR2002,..
Sub-Saharan Africa (excluding high income),SSA,2003,YR2003,..
Sub-Saharan Africa (excluding high income),SSA,2004,YR2004,..
Sub-Saharan Africa (excluding high income),SSA,2005,YR2005,..
Sub-Saharan Africa (excluding high income),SSA,2006,YR2006,..
Sub-Saharan Africa (excluding high income),SSA,2007,YR2007,..
Sub-Saharan Africa (excluding high income),SSA,2008,YR2008,..
Sub-Saharan Africa (excluding high income),SSA,2009,YR2009,..
Sub-Saharan Africa (excluding high income),SSA,2010,YR2010,..
Sub-Saharan Africa (excluding high income),SSA,2011,YR2011,..
Sub-Saharan Africa (excluding high income),SSA,2012,YR2012,..
Sub-Saharan Africa (excluding high income),SSA,2013,YR2013,..
Sub-Saharan Africa (excluding high income),SSA,2014,YR2014,..
Sub-Saharan Africa (excluding high income),SSA,2015,YR2015,..
Sub-Saharan Africa (excluding high income),SSA,2016,YR2016,..
Sub-Saharan Africa (excluding high income),SSA,2017,YR2017,..
Sub-Saharan Africa (excluding high income),SSA,2018,YR2018,..
Sub-Saharan Africa (excluding high income),SSA,2019,YR2019,..
Sub-Saharan Africa (excluding high income),SSA,2020,YR2020,..
Sub-Saharan Africa (excluding high income),SSA,2021,YR2021,..
Sub-Saharan Africa (excluding high income),SSA,2022,YR2022,..
Sub-Saharan Africa (excluding high income),SSA,2023,YR2023,..
Sub-Saharan Africa (excluding high income),SSA,2024,YR2024,..
Sub-Saharan Africa (IDA & IBRD countries),TSS,2000,YR2000,..
Sub-Saharan Africa (IDA & IBRD countries),TSS,2001,YR2001,..
Sub-Saharan Africa (IDA & IBRD countries),TSS,2002,YR2002,..
Sub-Saharan Africa (IDA & IBRD countries),TSS,2003,YR2003,..
Sub-Saharan Africa (IDA & IBRD countries),TSS,2004,YR2004,..
Sub-Saharan Africa (IDA & IBRD countries),TSS,2005,YR2005,..
Sub-Saharan Africa (IDA & IBRD countries),TSS,2006,YR2006,..
Sub-Saharan Africa (IDA & IBRD countries),TSS,2007,YR2007,..
Sub-Saharan Africa (IDA & IBRD countries),TSS,2008,YR2008,..
Sub-Saharan Africa (IDA & IBRD countries),TSS,2009,YR2009,..
Sub-Saharan Africa (IDA & IBRD countries),TSS,2010,YR2010,..
Sub-Saharan Africa (IDA & IBRD countries),TSS,2011,YR2011,..
Sub-Saharan Africa (IDA & IBRD countries),TSS,2012,YR2012,..
Sub-Saharan Africa (IDA & IBRD countries),TSS,2013,YR2013,..
Sub-Saharan Africa (IDA & IBRD countries),TSS,2014,YR2014,..
Sub-Saharan Africa (IDA & IBRD countries),TSS,2015,YR2015,..
Sub-Saharan Africa (IDA & IBRD countries),TSS,2016,YR2016,..
Sub-Saharan Africa (IDA & IBRD countries),TSS,2017,YR2017,..
Sub-Saharan Africa (IDA & IBRD countries),TSS,2018,YR2018,..
Sub-Saharan Africa (IDA & IBRD countries),TSS,2019,YR2019,..
Sub-Saharan Africa (IDA & IBRD countries),TSS,2020,YR2020,..
Sub-Saharan Africa (IDA & IBRD countries),TSS,2021,YR2021,..
Sub-Saharan Africa (IDA & IBRD countries),TSS,2022,YR2022,..
Sub-Saharan Africa (IDA & IBRD countries),TSS,2023,YR2023,..
Sub-Saharan Africa (IDA & IBRD countries),TSS,2024,YR2024,..
Upper middle income,UMC,2000,YR2000,69.0220178308598
Upper middle income,UMC,2001,YR2001,69.2615245949664
Upper middle income,UMC,2002,YR2002,70.208351809819
Upper middle income,UMC,2003,YR2003,70.8864549940636
Upper middle income,UMC,2004,YR2004,71.5484847724048
Upper middle income,UMC,2005,YR2005,72.1999855000351
Upper middle income,UMC,2006,YR2006,72.843907326895
Upper middle income,UMC,2007,YR2007,73.4746286432428
Upper middle income,UMC,2008,YR2008,74.0759388421188
Upper middle income,UMC,2009,YR2009,74.6537438078318
Upper middle income,UMC,2010,YR2010,75.2137592961113
Upper middle income,UMC,2011,YR2011,75.7429873786091
Upper middle income,UMC,2012,YR2012,76.2476164802225
Upper middle income,UMC,2013,YR2013,76.7836838649066
Upper middle income,UMC,2014,YR2014,77.306818411617
Upper middle income,UMC,2015,YR2015,77.8164121957232
Upper middle income,UMC,2016,YR2016,78.3066753969831
Upper middle income,UMC,2017,YR2017,78.7841596393906
Upper middle income,UMC,2018,YR2018,79.229147967594
Upper middle income,UMC,2019,YR2019,79.6430419355829
Upper middle income,UMC,2020,YR2020,80.0145833127422
Upper middle income,UMC,2021,YR2021,80.3526163354523
Upper middle income,UMC,2022,YR2022,80.6207019281883
Upper middle income,UMC,2023,YR2023,..
Upper middle income,UMC,2024,YR2024,..
World,WLD,2000,YR2000,60.8162176831026
World,WLD,2001,YR2001,61.1302019260077
World,WLD,2002,YR2002,61.7982824778198
World,WLD,2003,YR2003,62.3632459808954
World,WLD,2004,YR2004,62.9655962252231
World,WLD,2005,YR2005,63.6558162754783
World,WLD,2006,YR2006,63.9526909896126
World,WLD,2007,YR2007,64.6339997463206
World,WLD,2008,YR2008,64.8797113462541
World,WLD,2009,YR2009,65.3973809218937
World,WLD,2010,YR2010,65.8975112136448
World,WLD,2011,YR2011,66.4265850190286
World,WLD,2012,YR2012,67.0540457233657
World,WLD,2013,YR2013,67.7178734289408
World,WLD,2014,YR2014,68.3814641373823
World,WLD,2015,YR2015,69.0584035569475
World,WLD,2016,YR2016,69.7237415262525
World,WLD,2017,YR2017,70.3804029108552
World,WLD,2018,YR2018,71.0242373830707
World,WLD,2019,YR2019,71.6562168228627
World,WLD,2020,YR2020,72.2536277992732
World,WLD,2021,YR2021,72.4917119778106
World,WLD,2022,YR2022,72.9271522792495
World,WLD,2023,YR2023,..
World,WLD,2024,YR2024,..
,,,,
,,,,
,,,,
Data from database: World Development Indicators,,,,
Last Updated: 10/07/2025,,,,
